IP,Total Requests,Daily Mean,GET requests,Successful requests,Mean Return Size,Return Size Std,Mean Time Difference
1.22.35.226,6,6.0,6,6,13380.5,19439.904945755265,8.4
100.2.4.116,6,3.0,6,6,18111727.0,28036546.87354678,5041.8
100.43.83.137,84,21.0,84,56,15059.738095238095,14691.328815471881,3513.2048192771085
101.119.18.35,33,33.0,33,32,71442.42424242424,113606.37546068615,1.75
101.199.108.50,3,3.0,3,3,14608.0,20291.266421788463,7.5
101.226.168.196,1,1.0,1,1,12292.0,0.0,0.0
101.226.168.198,1,1.0,1,0,7861.0,0.0,0.0
101.226.33.222,2,2.0,2,1,9600.5,13077.939918045196,4.0
103.245.44.13,4,2.0,4,4,13435.75,17951.293665081634,4.333333333333333
103.247.192.5,1,1.0,1,1,175208.0,0.0,0.0
103.25.13.22,1,1.0,1,1,65748.0,0.0,0.0
103.9.43.132,1,1.0,1,1,175208.0,0.0,0.0
105.224.234.235,1,1.0,1,1,3638.0,0.0,0.0
105.235.130.196,6,6.0,6,6,27140.5,27475.973218432136,9.2
105.235.218.242,6,6.0,6,6,13380.5,19439.904945755265,9.8
106.187.34.32,8,8.0,8,7,16341.75,21839.287414787927,2059.285714285714
106.187.98.170,1,1.0,1,1,36159.0,0.0,0.0
106.36.113.138,1,1.0,1,1,321631.0,0.0,0.0
106.51.144.106,10,10.0,10,9,20659.8,21303.373638933343,406.3333333333333
106.51.250.126,6,6.0,6,6,13380.5,19439.904945755265,8.6
106.66.30.77,1,1.0,1,1,65748.0,0.0,0.0
106.78.19.160,18,9.0,18,7,3871.0,5722.901886281121,212.05882352941177
106.79.29.147,6,6.0,6,6,14089.0,19469.741970555235,11.6
107.170.40.197,3,1.0,3,3,32352.0,0.0,34211.0
107.170.40.198,4,1.3333333333333333,4,4,32352.0,0.0,57600.0
107.170.40.199,6,1.5,6,6,32352.0,0.0,36003.0
107.170.40.200,3,1.5,3,3,32352.0,0.0,41398.5
107.170.40.201,4,2.0,4,4,32352.0,0.0,23987.0
107.170.40.203,4,1.3333333333333333,4,4,32352.0,0.0,44397.0
107.170.40.204,7,1.75,7,7,32352.0,0.0,36605.333333333336
107.170.40.205,4,1.3333333333333333,4,4,32352.0,0.0,55196.333333333336
107.170.41.69,10,2.5,10,10,32352.0,0.0,29197.666666666668
107.170.9.55,5,2.5,5,5,32352.0,0.0,10812.75
107.203.4.32,6,6.0,6,6,13380.5,19439.904945755265,9.2
107.22.42.225,1,1.0,1,1,3638.0,0.0,0.0
108.15.20.23,6,6.0,6,6,13380.5,19439.904945755265,7.8
108.170.215.93,4,4.0,4,4,12492.5,17099.464601754837,10.0
108.171.116.194,65,16.25,65,65,10532.984615384616,1402.5470746590345,2982.03125
108.174.55.234,23,5.75,23,23,29941.0,0.0,13091.818181818182
108.178.13.202,2,2.0,2,2,9482.0,0.0,18.0
108.178.4.100,2,2.0,2,2,18729.0,0.0,6.0
108.178.45.172,1,1.0,1,1,54683.0,0.0,0.0
108.184.124.170,2,2.0,2,2,31008.0,8854.391114017948,28.0
108.231.135.74,5,5.0,5,5,15533.0,21037.388110219385,6.5
108.28.155.98,6,6.0,6,6,14473.166666666666,19550.42057262878,722.4
108.29.33.122,6,6.0,6,6,14473.166666666666,19550.42057262878,9.8
108.32.74.68,14,14.0,14,12,9594.42857142857,17953.197331327432,4.3076923076923075
108.61.140.67,1,1.0,1,1,65748.0,0.0,0.0
108.71.169.76,1,1.0,1,1,175208.0,0.0,0.0
108.77.164.97,1,1.0,1,1,175208.0,0.0,0.0
108.91.82.251,7,7.0,7,7,11800.57142857143,18127.300799780267,9.666666666666666
109.109.46.88,1,1.0,1,1,65748.0,0.0,0.0
109.163.234.10,1,1.0,1,1,13358.0,0.0,0.0
109.163.234.2,1,1.0,1,1,16543.0,0.0,0.0
109.167.131.110,7,7.0,7,7,12352.714285714286,17866.515839359818,7.5
109.189.132.223,6,6.0,6,6,13380.5,19439.904945755265,5.6
109.190.148.218,6,6.0,6,6,12884.5,19511.067390073767,9.4
109.195.177.171,6,6.0,6,6,13380.5,19439.904945755265,11.8
109.231.204.82,6,6.0,6,6,13380.5,19439.904945755265,7.2
109.74.151.149,8,8.0,8,7,16337.875,21842.53496171109,5.714285714285714
109.74.154.79,7,7.0,7,7,12925.285714285714,18310.852935843683,7.166666666666667
109.87.146.211,1,1.0,1,1,20572.0,0.0,0.0
109.9.166.16,1,1.0,1,1,65748.0,0.0,0.0
110.136.166.128,6,6.0,6,6,13380.5,19439.90494575527,7.6
110.143.13.225,2,2.0,2,2,175208.0,0.0,7184.0
110.159.23.90,8,8.0,8,8,22563.375,23644.25076562709,7.857142857142857
110.170.125.5,8,8.0,8,7,10836.75,12663.337584764702,4.857142857142857
110.174.108.127,1,1.0,1,1,47731.0,0.0,0.0
110.184.146.254,10,10.0,10,9,9327.2,15439.539672182225,401.6666666666667
111.117.160.16,1,1.0,1,1,66717.0,0.0,0.0
111.199.235.239,37,37.0,37,35,129601.5945945946,301510.4204103492,100.66666666666667
111.240.183.248,7,7.0,7,7,20673.428571428572,26658.952610440538,7.0
111.69.99.101,1,1.0,1,1,175208.0,0.0,0.0
111.93.41.206,1,1.0,1,1,65748.0,0.0,0.0
112.110.247.227,1,1.0,1,1,6146.0,0.0,0.0
112.110.247.233,1,1.0,1,1,32742.0,0.0,0.0
112.110.247.236,1,1.0,1,1,52315.0,0.0,0.0
112.110.247.238,1,1.0,1,0,0.0,0.0,0.0
112.110.247.244,2,2.0,2,2,33381.5,45773.14326654878,3.0
112.110.247.250,1,1.0,1,1,4877.0,0.0,0.0
112.133.195.22,1,1.0,1,1,65748.0,0.0,0.0
112.202.18.45,6,6.0,6,6,14189.666666666666,19486.52204644704,2.8
112.208.14.199,1,1.0,1,1,65748.0,0.0,0.0
112.216.234.90,3,1.5,3,3,182075.33333333334,134675.59190266562,18013.5
113.189.161.125,1,1.0,1,1,65748.0,0.0,0.0
113.212.68.167,2,2.0,2,2,18848.0,0.0,5.0
113.212.70.121,3,3.0,3,2,20789.666666666668,18773.468761348642,19.5
113.252.200.224,2,2.0,2,2,26875.0,32862.08054886361,5.0
114.141.164.18,7,7.0,7,7,18627.85714285714,22531.493939436354,604.3333333333334
114.250.134.175,1,1.0,1,1,37269.0,0.0,0.0
114.69.226.80,6,6.0,6,6,14473.166666666666,19550.42057262878,9.2
115.112.233.75,39,39.0,39,38,62524.153846153844,106617.12625720189,1517.0526315789473
115.112.80.98,6,6.0,6,6,14473.166666666666,19550.420572628784,7.0
115.114.17.146,6,6.0,6,6,14189.666666666666,19486.522046447044,9.6
115.188.97.115,1,1.0,1,0,0.0,0.0,0.0
115.245.219.74,1,1.0,1,1,65748.0,0.0,0.0
115.77.7.145,7,7.0,7,7,15098.142857142857,17923.447040386058,7.0
116.125.143.84,2,2.0,2,1,170.5,241.1234123846127,13.0
116.199.211.249,1,1.0,1,1,175208.0,0.0,0.0
116.203.238.137,6,6.0,6,6,14189.666666666666,19486.522046447044,11.4
116.212.243.74,1,1.0,1,1,175208.0,0.0,0.0
116.50.181.5,6,6.0,6,6,13537.333333333334,19433.161684776533,9.6
116.75.148.149,7,7.0,7,7,16348.285714285714,19864.602619687495,600.1666666666666
117.172.98.228,2,2.0,2,2,31008.0,8854.391114017948,16.0
117.192.147.163,1,1.0,1,1,15796.0,0.0,0.0
117.195.177.223,6,6.0,6,6,14189.666666666666,19486.522046447044,719.8
117.211.161.185,2,2.0,2,2,26875.0,32862.08054886361,42.0
117.227.171.181,6,6.0,6,6,13380.5,19439.904945755265,7.8
117.244.105.81,1,1.0,1,1,65748.0,0.0,0.0
117.28.234.67,7,7.0,7,7,9887215.57142857,26151268.46599325,1207.5
117.7.102.100,1,1.0,0,1,0.0,0.0,0.0
117.78.13.17,2,2.0,2,2,18966.0,26821.97442396812,29.0
118.126.5.149,2,2.0,2,2,27237.5,15124.306942799065,13.0
118.148.175.45,1,1.0,1,1,175208.0,0.0,0.0
118.169.39.21,7,3.5,7,7,12900.714285714286,18301.693707726303,16202.0
118.186.69.62,2,2.0,2,2,27237.5,15124.306942799065,31.0
118.72.253.84,6,6.0,6,6,13380.5,19439.904945755265,8.0
118.82.184.54,1,1.0,1,1,175208.0,0.0,0.0
118.92.157.140,1,1.0,1,0,0.0,0.0,0.0
118.92.253.144,1,1.0,1,1,175208.0,0.0,0.0
118.93.208.204,1,1.0,1,0,0.0,0.0,0.0
118.96.89.249,1,1.0,1,1,175208.0,0.0,0.0
118.97.174.156,7,7.0,7,7,15351.57142857143,17990.405645390943,5.0
119.147.146.189,3,1.5,3,3,17049.666666666668,3234.1756806539333,27009.0
119.224.20.139,1,1.0,1,1,175208.0,0.0,0.0
119.36.179.179,7,7.0,7,7,20673.428571428572,26658.952610440538,7.833333333333333
119.6.7.18,6,6.0,6,6,14189.666666666666,19486.52204644704,8.4
119.63.193.130,1,1.0,1,1,36824.0,0.0,0.0
119.63.196.16,1,1.0,1,1,36824.0,0.0,0.0
119.63.196.17,1,1.0,1,1,37932.0,0.0,0.0
12.110.81.190,7,7.0,7,6,11517.42857142857,18417.9848595256,8.333333333333334
12.165.188.130,1,1.0,1,0,0.0,0.0,0.0
12.43.40.25,3,3.0,3,3,9390.0,6747.657148966595,11.5
120.136.4.243,1,1.0,1,1,175208.0,0.0,0.0
120.202.255.147,10,2.5,10,0,0.0,0.0,29198.555555555555
120.43.27.41,1,1.0,1,1,12292.0,0.0,0.0
120.59.2.54,6,6.0,6,6,14473.166666666666,19550.420572628784,8.8
121.107.188.202,1,1.0,1,1,171717.0,0.0,0.0
121.162.188.120,1,1.0,1,1,90256.0,0.0,0.0
121.189.37.60,5,5.0,5,5,20457.0,23161.607640662598,12.25
121.209.208.128,6,6.0,6,6,14189.666666666666,19486.522046447044,6.2
121.244.49.42,1,1.0,1,1,15796.0,0.0,0.0
121.54.41.121,1,1.0,1,1,175208.0,0.0,0.0
121.99.121.185,1,1.0,1,1,175208.0,0.0,0.0
121.99.148.41,1,1.0,1,1,175208.0,0.0,0.0
122.107.211.222,2,2.0,2,2,26875.0,32862.08054886361,7.0
122.146.177.66,7,7.0,7,7,13225.0,17750.892428269628,8.333333333333334
122.166.142.108,34,34.0,34,32,69351.88235294117,112533.98455302148,1.6363636363636365
122.167.215.241,4,4.0,4,4,8723.0,11361.4230916143,9.666666666666666
122.248.149.254,2,2.0,2,2,89423.0,121318.31044817597,9.0
122.56.232.122,1,1.0,1,1,175208.0,0.0,0.0
122.57.173.238,1,1.0,1,0,0.0,0.0,0.0
122.57.207.174,1,1.0,1,1,175208.0,0.0,0.0
122.58.125.143,1,1.0,1,1,175208.0,0.0,0.0
122.60.77.197,2,2.0,2,2,175208.0,0.0,17999.0
122.61.197.176,1,1.0,1,0,0.0,0.0,0.0
123.125.71.114,1,1.0,1,1,37932.0,0.0,0.0
123.125.71.116,1,1.0,1,1,36824.0,0.0,0.0
123.125.71.117,1,1.0,1,1,36824.0,0.0,0.0
123.125.71.35,1,1.0,1,1,40693.0,0.0,0.0
123.125.71.41,1,1.0,1,1,156350.0,0.0,0.0
123.125.71.56,1,1.0,1,1,695.0,0.0,0.0
123.125.71.72,1,1.0,1,1,36824.0,0.0,0.0
123.125.71.82,1,1.0,1,1,36824.0,0.0,0.0
123.125.71.85,1,1.0,1,1,0.0,0.0,0.0
123.125.71.97,2,2.0,2,2,37378.0,783.4743135546946,25242.0
123.63.97.14,1,1.0,1,1,65748.0,0.0,0.0
124.124.1.57,1,1.0,1,1,3638.0,0.0,0.0
124.197.25.116,1,1.0,1,1,175208.0,0.0,0.0
124.35.244.2,1,1.0,1,1,3638.0,0.0,0.0
125.122.211.40,6,6.0,6,6,14473.166666666666,19550.42057262878,7.0
125.199.63.98,6,6.0,6,6,14189.666666666666,19486.52204644704,5.2
125.236.205.70,1,1.0,1,0,0.0,0.0,0.0
125.237.203.218,1,1.0,1,1,175208.0,0.0,0.0
125.239.81.249,1,1.0,1,1,175208.0,0.0,0.0
125.239.92.211,1,1.0,1,1,175208.0,0.0,0.0
128.118.108.67,32,16.0,32,32,3638.0,0.0,3018.451612903226
128.141.154.221,1,1.0,1,1,203023.0,0.0,0.0
128.147.28.1,7,7.0,7,7,18002.0,20186.196917696012,7.5
128.179.155.97,6,6.0,6,6,8607.666666666666,4571.219953870812,1446.0
128.2.142.104,2,2.0,2,1,7343.5,9911.515751891837,20.0
128.214.173.46,8,8.0,8,8,19850.75,27983.37008066449,5.714285714285714
128.237.28.16,1,1.0,1,0,0.0,0.0,0.0
128.61.85.15,7,7.0,7,7,12758.42857142857,17822.281848453476,8.5
128.61.92.96,7,7.0,7,7,18627.85714285714,22531.493939436354,608.3333333333334
129.10.115.241,1,1.0,1,1,37932.0,0.0,0.0
129.10.115.56,1,1.0,1,1,37932.0,0.0,0.0
129.121.176.228,1,1.0,1,0,289.0,0.0,0.0
129.184.84.11,4,4.0,4,4,18026.25,23102.830034074468,10.0
129.184.84.12,1,1.0,1,1,1015.0,0.0,0.0
129.184.84.13,1,1.0,1,1,6146.0,0.0,0.0
129.27.3.93,2,2.0,2,2,15638.5,4732.665686481562,4.0
129.70.212.93,7,7.0,7,7,18627.85714285714,22531.493939436354,7.5
130.117.119.79,1,1.0,1,1,9316.0,0.0,0.0
130.117.119.80,3,1.5,3,3,9316.0,0.0,77408.0
130.126.255.121,6,6.0,6,6,13380.5,19439.90494575527,10.6
130.126.255.52,2,2.0,2,2,10802.5,2106.471101154725,3616.0
130.185.72.6,1,1.0,1,0,299.0,0.0,0.0
130.193.173.90,1,1.0,1,1,65748.0,0.0,0.0
130.226.230.7,7,7.0,7,7,13225.0,17750.892428269628,6.333333333333333
130.227.120.134,2,2.0,2,2,26875.0,32862.08054886361,33.0
130.229.158.194,6,6.0,6,6,14473.166666666666,19550.42057262878,7.2
130.237.218.86,357,178.5,357,288,123026.97198879551,316026.42264878773,212.51966292134833
130.239.41.58,6,6.0,6,6,13048.666666666666,19479.154649693264,10.0
130.243.172.179,9,9.0,9,9,10532.666666666666,16377.2756815656,6.75
130.88.99.231,1,1.0,1,1,36159.0,0.0,0.0
131.107.160.94,1,1.0,1,0,301.0,0.0,0.0
131.114.11.55,2,1.0,2,2,3638.0,0.0,25217.0
131.191.91.87,1,1.0,1,1,175208.0,0.0,0.0
131.253.24.107,1,1.0,1,1,65748.0,0.0,0.0
131.253.24.32,3,3.0,3,3,5722.333333333333,5181.972726031403,22.0
131.253.24.47,1,1.0,1,1,50112.0,0.0,0.0
131.253.24.76,3,3.0,3,3,6092.0,5781.064694327508,19.0
132.229.223.2,7,7.0,7,7,20673.428571428572,26658.952610440538,9.666666666666666
132.252.139.85,10,10.0,10,10,2841.1,2089.2196549589194,6.111111111111111
134.158.231.20,27,27.0,27,27,51610.851851851854,91833.27382972307,2.269230769230769
134.192.71.41,6,6.0,6,6,17653.833333333332,21824.63092395073,7.8
134.58.253.57,6,6.0,6,6,13380.5,19439.90494575527,8.8
134.76.249.10,8,8.0,8,7,11614.25,17053.939484135957,8.0
134.99.112.2,1,1.0,1,1,18848.0,0.0,0.0
138.96.204.237,7,7.0,7,7,18627.85714285714,22531.493939436354,7.5
139.184.30.132,9,9.0,9,8,15891.777777777777,20473.334863779386,1352.5
14.1.42.114,1,1.0,1,1,175208.0,0.0,0.0
14.140.163.52,33,33.0,33,32,71442.42424242424,113606.37546068615,1.8125
14.141.56.98,15,15.0,15,10,10258.533333333333,15125.331022902636,4.071428571428571
14.141.91.20,3,1.5,3,0,0.0,0.0,18005.0
14.160.65.22,50,50.0,50,48,51559.88,96587.38799205703,74.59183673469387
14.18.25.243,6,6.0,6,6,13964.5,19453.29274698759,7.0
14.203.126.78,3,3.0,3,3,3638.0,0.0,12592.5
14.207.105.216,2,2.0,2,2,26875.0,32862.08054886361,9.0
141.0.10.123,1,1.0,1,1,3638.0,0.0,0.0
141.142.223.45,6,6.0,6,6,13380.5,19439.904945755265,11.2
141.89.226.149,3,3.0,3,3,12700.0,0.0,1803.0
141.92.18.62,2,2.0,2,2,2946.0,2730.8463889424465,14.0
141.92.19.36,1,1.0,1,1,17147.0,0.0,0.0
142.197.51.102,1,1.0,1,1,175208.0,0.0,0.0
143.233.204.28,9,3.0,9,9,17147.0,0.0,9000.625
144.76.137.226,2,2.0,2,2,391.5,553.6646096690667,3.0
144.76.194.187,41,41.0,41,14,6396.756097560976,11035.259253367109,91.4
144.76.95.39,27,13.5,27,13,6720.37037037037,11890.423390107326,2354.8846153846152
146.1.1.2,15,7.5,15,14,15867.733333333334,15072.615473418136,2059.3571428571427
147.142.186.54,6,6.0,6,6,17653.833333333332,21824.63092395073,719.6
147.210.12.12,1,1.0,1,1,80663.0,0.0,0.0
148.241.190.81,1,1.0,1,1,65748.0,0.0,0.0
15.211.201.85,4,4.0,4,4,18081.75,23331.03965928937,11.666666666666666
15.219.153.83,3,3.0,3,3,7071.666666666667,4913.489832423929,9.0
150.101.171.78,6,6.0,6,6,13221.5,19454.484364793636,5.8
150.101.192.144,10,10.0,10,8,10765.4,15544.801783518787,399.6666666666667
150.101.221.21,1,1.0,1,1,175208.0,0.0,0.0
150.162.56.185,23,23.0,23,21,15075.521739130434,19858.71411169315,329.1818181818182
151.225.218.180,1,1.0,1,1,175208.0,0.0,0.0
151.225.221.231,7,7.0,7,7,12293.285714285714,17913.357666969136,7.5
151.235.176.219,2,1.0,2,2,65748.0,0.0,82809.0
151.250.94.199,1,1.0,1,1,321631.0,0.0,0.0
152.118.148.226,1,1.0,1,1,65748.0,0.0,0.0
152.16.50.192,1,1.0,1,1,30438.0,0.0,0.0
152.23.4.70,2,2.0,2,2,26875.0,32862.08054886361,40.0
153.174.34.38,1,1.0,1,1,37932.0,0.0,0.0
155.140.133.248,8,8.0,8,6,10473.375,17666.20617318759,6.571428571428571
155.201.35.55,6,6.0,6,6,13908.0,19447.40087518124,10.4
155.63.71.11,6,6.0,6,6,16267.0,20502.69507162412,11.2
155.69.2.12,1,1.0,1,1,12292.0,0.0,0.0
157.127.239.146,6,6.0,6,6,14473.166666666666,19550.42057262878,8.2
157.55.32.106,2,1.0,2,2,11013.0,0.0,14455.0
157.55.32.107,1,1.0,1,1,8278.0,0.0,0.0
157.55.32.109,2,1.0,2,2,5273.5,7457.855221174516,32404.0
157.55.32.142,2,2.0,2,2,5144.5,7275.421671628387,48.0
157.55.32.185,1,1.0,1,1,2473.0,0.0,0.0
157.55.32.190,4,2.0,4,3,2633.75,5098.261819810094,24006.0
157.55.32.84,1,1.0,1,1,10301.0,0.0,0.0
157.55.33.108,1,1.0,1,1,6146.0,0.0,0.0
157.55.33.114,1,1.0,1,1,52315.0,0.0,0.0
157.55.33.15,3,3.0,3,3,131.33333333333334,227.47600606071254,1799.0
157.55.33.17,1,1.0,1,1,9239.0,0.0,0.0
157.55.33.183,1,1.0,1,1,6146.0,0.0,0.0
157.55.33.19,3,3.0,3,3,8983.0,9308.498751141346,10807.0
157.55.33.44,1,1.0,1,0,357.0,0.0,0.0
157.55.33.49,2,2.0,2,2,18336.5,25931.726986454258,10813.0
157.55.33.88,3,1.5,3,3,7643.0,6872.302307087487,12584.5
157.55.34.93,2,2.0,2,1,3930.5,5558.56640690745,26.0
157.55.35.114,2,2.0,2,2,4785.5,6767.719002736447,3618.0
157.55.35.36,2,2.0,2,2,24749.5,20943.79575196435,3599.0
157.55.35.45,1,1.0,1,1,18848.0,0.0,0.0
157.55.35.80,1,1.0,1,1,38725.0,0.0,0.0
157.56.229.184,1,1.0,1,1,19735.0,0.0,0.0
157.56.229.247,3,1.5,3,3,24427.0,26328.666829142716,35980.5
157.56.92.141,1,1.0,1,1,50112.0,0.0,0.0
157.56.92.142,1,1.0,1,1,10260.0,0.0,0.0
157.56.92.151,5,1.6666666666666667,5,5,22836.2,18856.721631821372,27007.0
157.56.92.158,3,1.5,3,3,16725.0,14683.913749406185,41405.0
157.56.92.164,1,1.0,1,1,6146.0,0.0,0.0
157.56.93.154,3,1.5,3,3,442.6666666666667,766.7211574838229,5398.0
157.56.93.40,1,1.0,1,1,10068.0,0.0,0.0
158.102.162.14,1,1.0,1,1,65748.0,0.0,0.0
158.136.112.187,1,1.0,1,1,18848.0,0.0,0.0
159.50.249.148,2,2.0,2,2,43180.0,12918.840892278224,42.0
159.50.249.150,4,4.0,4,4,3919.0,2190.089039285846,17.0
160.92.7.69,6,6.0,6,6,17653.833333333332,21824.63092395073,9.4
161.72.16.78,3,1.5,3,3,18848.0,0.0,30627.0
162.210.196.130,2,2.0,2,2,18966.0,26821.97442396812,12.0
162.211.96.55,6,6.0,6,6,13380.5,19439.90494575527,7.8
162.213.42.132,2,2.0,2,2,8573.5,12124.75997700573,16.0
162.44.252.21,6,6.0,6,6,14473.166666666666,19550.420572628784,7.8
163.157.254.25,6,6.0,6,6,13009.833333333334,19485.958959380638,9.2
165.139.161.160,1,1.0,1,1,175208.0,0.0,0.0
165.145.12.44,2,2.0,2,2,26875.0,32862.08054886361,25.0
166.137.8.20,2,2.0,2,2,6443283.0,0.0,10.0
166.147.88.15,5,5.0,5,5,20457.0,23161.607640662598,6.25
166.37.114.52,6,6.0,6,6,14189.666666666666,19486.522046447044,8.2
166.82.99.140,1,1.0,1,1,175208.0,0.0,0.0
167.220.26.44,1,1.0,1,1,10301.0,0.0,0.0
170.148.69.141,8,8.0,8,5,10086.625,18190.408366872125,6.285714285714286
172.245.214.208,2,2.0,2,2,18848.0,0.0,28.0
172.251.97.53,1,1.0,1,1,65748.0,0.0,0.0
172.56.28.38,2,2.0,2,2,26875.0,32862.08054886361,28.0
172.56.29.98,1,1.0,1,1,175208.0,0.0,0.0
173.0.50.24,2,2.0,2,2,27237.5,15124.306942799065,10.0
173.11.136.157,9,9.0,9,9,16678.555555555555,16034.797871435043,6.75
173.162.242.85,1,1.0,1,1,6443283.0,0.0,0.0
173.164.44.34,6,6.0,6,6,13088.166666666666,19472.707787225347,10.8
173.166.158.222,6,6.0,6,6,14473.166666666666,19550.42057262878,7.2
173.176.91.196,1,1.0,1,1,3638.0,0.0,0.0
173.192.238.41,3,1.5,3,3,37936.0,0.0,14391.0
173.192.238.44,1,1.0,1,1,37936.0,0.0,0.0
173.192.238.58,3,1.5,3,3,37936.0,0.0,46800.0
173.200.233.195,1,1.0,1,1,18848.0,0.0,0.0
173.213.76.77,2,2.0,2,2,27237.5,15124.306942799065,43.0
173.213.97.176,2,2.0,2,2,17695.5,1629.8811306349921,10.0
173.213.99.1,2,2.0,2,2,23440.0,20494.782945910894,5.0
173.217.194.185,1,1.0,1,1,175208.0,0.0,0.0
173.231.106.34,13,13.0,13,13,15541.615384615385,39602.003191207514,601.3333333333334
173.232.105.27,2,2.0,2,2,27237.5,15124.306942799065,26.0
173.232.106.129,2,2.0,2,2,18729.0,0.0,12.0
173.236.32.108,2,2.0,2,2,18729.0,0.0,5.0
173.236.32.219,1,1.0,1,0,296.0,0.0,0.0
173.236.34.182,1,1.0,1,1,54306753.0,0.0,0.0
173.236.61.220,2,2.0,2,2,18729.0,0.0,2.0
173.242.120.61,3,3.0,3,3,31319.666666666668,11452.897289914607,19.0
173.252.103.7,1,1.0,1,1,5242880.0,0.0,0.0
173.252.110.114,1,1.0,1,1,175208.0,0.0,0.0
173.252.110.115,1,1.0,1,1,9000.0,0.0,0.0
173.252.110.119,2,1.0,2,2,266644.0,364363.6390640537,61241.0
173.252.73.114,1,1.0,1,1,97173.0,0.0,0.0
173.252.74.112,1,1.0,1,1,6146.0,0.0,0.0
173.252.74.113,1,1.0,1,1,10331.0,0.0,0.0
173.252.74.119,1,1.0,1,1,6146.0,0.0,0.0
173.252.77.116,1,1.0,1,1,6146.0,0.0,0.0
173.252.80.112,1,1.0,1,1,175208.0,0.0,0.0
173.36.196.6,6,6.0,6,6,13048.666666666666,19479.154649693264,4.6
173.44.57.180,1,1.0,1,1,54683.0,0.0,0.0
173.55.80.151,2,2.0,2,2,26875.0,32862.08054886361,6.0
174.23.200.134,6,6.0,6,6,14473.166666666666,19550.42057262878,10.0
174.26.232.198,1,1.0,1,1,175208.0,0.0,0.0
174.26.93.238,6,6.0,6,6,14473.166666666666,19550.42057262878,726.0
174.36.228.156,2,2.0,2,2,37936.0,0.0,25246.0
174.37.205.76,1,1.0,1,1,37936.0,0.0,0.0
174.51.6.146,6,6.0,6,6,14473.166666666666,19550.42057262878,720.2
174.93.161.163,6,6.0,6,6,14473.166666666666,19550.42057262878,6.6
175.143.7.57,3,3.0,3,3,22850.0,23808.733943660256,20.5
176.10.104.96,2,2.0,2,2,27237.5,15124.306942799065,49.0
176.14.63.246,6,6.0,6,6,13161.0,19462.07613796637,5.8
176.181.182.132,2,2.0,2,2,26875.0,32862.08054886361,6.0
176.195.140.189,1,1.0,1,1,65748.0,0.0,0.0
176.198.189.108,1,1.0,1,1,3638.0,0.0,0.0
176.226.17.33,7,7.0,7,7,18002.0,20186.196917696012,8.666666666666666
176.31.103.52,12,12.0,12,12,14692.833333333334,18027.690795668823,4.636363636363637
176.31.39.30,2,2.0,2,2,22422.0,17219.464335454806,25.0
176.46.113.39,1,1.0,1,1,299660.0,0.0,0.0
176.58.196.36,1,1.0,1,1,65748.0,0.0,0.0
176.92.75.62,23,11.5,23,18,18858.652173913044,15300.604713565754,3109.2727272727275
177.106.12.201,8,8.0,8,7,16341.75,21839.287414787927,515.8571428571429
177.132.188.205,6,6.0,6,6,14473.166666666666,19550.42057262878,8.6
177.141.70.11,6,6.0,6,6,14473.166666666666,19550.42057262878,9.8
177.144.77.89,1,1.0,1,1,12292.0,0.0,0.0
177.229.230.254,1,1.0,1,1,3638.0,0.0,0.0
177.37.188.215,1,1.0,1,1,37932.0,0.0,0.0
177.37.5.6,2,2.0,2,2,14192.5,14926.317044066831,35.0
177.6.142.6,6,6.0,6,6,12884.5,19511.067390073767,8.2
177.73.254.10,6,6.0,6,6,13380.5,19439.904945755265,5.4
178.118.111.33,6,6.0,6,6,17653.833333333332,21824.630923950735,10.4
178.137.5.235,1,1.0,1,1,20572.0,0.0,0.0
178.137.95.70,2,2.0,2,2,19992.5,13736.963438111059,10810.0
178.140.172.164,1,1.0,1,1,37932.0,0.0,0.0
178.15.11.82,6,6.0,6,6,12998.666666666666,19488.00107416527,8.8
178.152.18.59,6,6.0,6,6,14473.166666666666,19550.42057262878,11.0
178.17.6.226,6,6.0,6,6,14189.666666666666,19486.522046447044,8.8
178.172.239.240,5,5.0,5,1,3159.2,7064.1859545173365,4.25
178.19.99.105,4,4.0,4,4,27224.0,13610.179940030182,20414.333333333332
178.19.99.39,2,2.0,2,2,9482.0,0.0,24.0
178.191.44.227,2,2.0,2,2,26875.0,32862.08054886361,49.0
178.203.37.192,10,10.0,10,10,2841.1,2089.2196549589194,6.0
178.213.66.2,6,6.0,6,6,12927.0,19502.01531124412,9.8
178.213.67.2,1,1.0,1,1,2501.0,0.0,0.0
178.216.54.152,2,2.0,2,2,23440.0,20494.782945910894,0.0
178.222.167.128,2,2.0,2,2,26875.0,32862.08054886361,7.0
178.24.154.17,1,1.0,1,1,47731.0,0.0,0.0
178.250.45.51,2,2.0,2,2,10975.0,0.0,20.0
178.255.215.71,17,5.666666666666667,17,14,9264.0,8171.1533228180215,11700.0625
178.255.215.83,22,7.333333333333333,22,18,8017.136363636364,6735.055380657198,7027.047619047619
178.32.216.134,4,2.0,4,4,15638.5,3864.205351686165,19208.333333333332
178.32.31.15,2,2.0,2,2,19660.5,21464.22634291765,29.0
178.32.51.157,6,6.0,6,6,13380.5,19439.90494575527,7.6
178.48.154.212,1,1.0,0,1,0.0,0.0,0.0
178.84.1.162,1,1.0,1,1,37932.0,0.0,0.0
179.179.206.176,6,6.0,6,6,13089.166666666666,19472.55078736904,10.8
179.186.211.223,1,1.0,1,1,175208.0,0.0,0.0
180.153.206.27,2,2.0,2,1,6822.5,9183.195767269694,8.0
180.153.236.122,1,1.0,1,1,16543.0,0.0,0.0
180.153.236.175,1,1.0,1,1,18848.0,0.0,0.0
180.166.130.86,6,6.0,6,6,13380.5,19439.904945755265,6.6
180.169.2.99,1,1.0,1,1,37932.0,0.0,0.0
180.180.100.65,2,2.0,2,2,27237.5,15124.306942799065,24.0
180.180.119.57,2,2.0,2,2,23440.0,20494.782945910894,19.0
180.180.78.19,2,2.0,2,2,27237.5,15124.306942799065,15.0
180.180.97.143,2,2.0,2,2,29361.0,35182.80500471786,4.0
180.183.207.146,2,2.0,2,2,29361.0,35182.80500471786,19.0
180.211.193.6,1,1.0,1,1,65748.0,0.0,0.0
180.211.69.209,1,1.0,1,1,47731.0,0.0,0.0
180.222.70.88,1,1.0,1,1,175208.0,0.0,0.0
180.235.148.243,1,1.0,1,1,65748.0,0.0,0.0
180.245.66.177,2,2.0,2,2,26875.0,32862.08054886361,8.0
180.76.5.114,1,1.0,1,1,0.0,0.0,0.0
180.76.5.116,1,1.0,1,1,10181.0,0.0,0.0
180.76.5.118,2,2.0,2,2,9324.5,82.73149339882606,17995.0
180.76.5.119,1,1.0,1,1,0.0,0.0,0.0
180.76.5.143,2,2.0,2,2,9424.0,13327.548611804048,3595.0
180.76.5.144,1,1.0,1,1,9832.0,0.0,0.0
180.76.5.145,1,1.0,1,1,1387.0,0.0,0.0
180.76.5.147,1,1.0,1,1,8772.0,0.0,0.0
180.76.5.149,1,1.0,1,1,10521.0,0.0,0.0
180.76.5.151,1,1.0,1,1,0.0,0.0,0.0
180.76.5.152,2,1.0,2,2,563.5,796.909342397239,28774.0
180.76.5.154,1,1.0,1,1,0.0,0.0,0.0
180.76.5.157,1,1.0,1,1,0.0,0.0,0.0
180.76.5.167,1,1.0,1,1,9131.0,0.0,0.0
180.76.5.17,1,1.0,1,1,0.0,0.0,0.0
180.76.5.172,1,1.0,1,1,9734.0,0.0,0.0
180.76.5.173,2,2.0,2,2,26506.0,25337.05018347637,3596.0
180.76.5.187,1,1.0,1,1,19735.0,0.0,0.0
180.76.5.189,1,1.0,1,1,0.0,0.0,0.0
180.76.5.190,1,1.0,1,1,941.0,0.0,0.0
180.76.5.191,2,1.0,2,2,0.0,0.0,72042.0
180.76.5.193,2,1.0,2,1,0.0,0.0,36013.0
180.76.5.194,1,1.0,1,1,9258.0,0.0,0.0
180.76.5.196,1,1.0,1,1,8604.0,0.0,0.0
180.76.5.20,1,1.0,1,1,14352.0,0.0,0.0
180.76.5.204,2,2.0,2,2,14980.0,21184.919164348965,35996.0
180.76.5.21,1,1.0,1,1,0.0,0.0,0.0
180.76.5.213,1,1.0,1,1,8765.0,0.0,0.0
180.76.5.214,3,1.5,3,1,11207.666666666666,19412.248100962788,44995.0
180.76.5.22,3,1.0,3,3,9301.333333333334,12689.528215553693,77402.0
180.76.5.26,1,1.0,1,1,33792.0,0.0,0.0
180.76.5.27,1,1.0,1,1,3179.0,0.0,0.0
180.76.5.28,1,1.0,1,1,0.0,0.0,0.0
180.76.5.39,2,2.0,2,1,10947.0,15481.395867298272,32419.0
180.76.5.59,1,1.0,1,1,0.0,0.0,0.0
180.76.5.61,1,1.0,1,1,12456.0,0.0,0.0
180.76.5.62,1,1.0,1,1,0.0,0.0,0.0
180.76.5.64,1,1.0,1,1,0.0,0.0,0.0
180.76.5.69,1,1.0,1,1,0.0,0.0,0.0
180.76.5.71,1,1.0,1,1,0.0,0.0,0.0
180.76.5.73,1,1.0,1,1,0.0,0.0,0.0
180.76.5.74,1,1.0,1,1,9832.0,0.0,0.0
180.76.5.75,1,1.0,1,1,0.0,0.0,0.0
180.76.5.77,1,1.0,1,1,964.0,0.0,0.0
180.76.5.81,2,1.0,2,2,4764.0,6737.313411145425,43208.0
180.76.5.98,3,1.5,3,3,12644.0,21900.050410900883,16219.5
180.76.6.130,2,1.0,2,2,0.0,0.0,7190.0
180.76.6.131,1,1.0,1,1,0.0,0.0,0.0
180.76.6.134,2,2.0,2,2,10545.0,1260.0642840744276,36019.0
180.76.6.137,1,1.0,1,1,4089.0,0.0,0.0
180.76.6.14,1,1.0,1,1,14326.0,0.0,0.0
180.76.6.141,1,1.0,1,1,9872.0,0.0,0.0
180.76.6.142,2,1.0,2,1,167.5,236.88077169749343,43181.0
180.76.6.144,2,1.0,2,2,487.5,689.4291116568838,57554.0
180.76.6.146,1,1.0,1,1,2420.0,0.0,0.0
180.76.6.147,2,2.0,2,2,8271.5,11697.667481169055,25212.0
180.76.6.148,1,1.0,1,1,0.0,0.0,0.0
180.76.6.150,1,1.0,1,1,12571.0,0.0,0.0
180.76.6.151,1,1.0,1,1,0.0,0.0,0.0
180.76.6.153,1,1.0,1,1,3179.0,0.0,0.0
180.76.6.156,2,1.0,2,2,9137.0,11327.85063460849,86366.0
180.76.6.158,1,1.0,1,1,0.0,0.0,0.0
180.76.6.17,1,1.0,1,1,47646.0,0.0,0.0
180.76.6.213,1,1.0,1,1,10006.0,0.0,0.0
180.76.6.230,2,2.0,2,2,0.0,0.0,35974.0
180.76.6.231,1,1.0,1,1,0.0,0.0,0.0
180.76.6.232,1,1.0,1,1,10489.0,0.0,0.0
180.76.6.233,2,1.0,2,2,16927.5,22598.425619940874,21579.0
180.76.6.28,3,1.5,3,3,23396.333333333332,25970.94669690216,44980.0
180.76.6.37,1,1.0,1,1,0.0,0.0,0.0
180.76.6.43,3,1.5,3,2,15610.333333333334,26740.530891015107,12614.0
180.76.6.46,2,1.0,2,2,5237.5,7406.943532929085,14437.0
180.76.6.48,1,1.0,1,1,10638.0,0.0,0.0
180.76.6.49,1,1.0,1,1,21894.0,0.0,0.0
180.76.6.50,1,1.0,1,1,0.0,0.0,0.0
180.76.6.51,1,1.0,1,1,10538.0,0.0,0.0
180.76.6.52,2,2.0,2,2,5000.5,5716.958325893237,17992.0
180.76.6.53,2,1.0,2,2,4619.5,6532.9595513825125,43204.0
180.76.6.54,1,1.0,1,1,9223.0,0.0,0.0
180.76.6.56,1,1.0,1,1,0.0,0.0,0.0
180.76.6.57,1,1.0,1,1,10730.0,0.0,0.0
180.76.6.63,1,1.0,1,1,8985.0,0.0,0.0
180.76.6.65,2,1.0,2,2,3089.0,4368.505694170491,38.0
180.76.6.66,1,1.0,1,1,0.0,0.0,0.0
181.141.250.44,1,1.0,1,1,65748.0,0.0,0.0
181.160.193.212,6,6.0,6,6,14089.0,19469.741970555235,726.2
182.118.20.213,1,1.0,1,1,20572.0,0.0,0.0
182.253.23.3,6,3.0,6,6,17008.166666666668,18837.59911896064,2162.0
182.253.38.89,2,2.0,2,2,23440.0,20494.782945910894,7.0
182.253.73.51,2,2.0,2,2,31008.0,8854.391114017948,4.0
182.253.73.95,2,2.0,2,2,27158226.0,38393815.08185215,31.0
182.64.207.187,2,2.0,2,2,26875.0,32862.08054886361,34.0
182.68.184.78,2,2.0,2,2,26875.0,32862.08054886361,16.0
182.72.242.3,1,1.0,1,1,3638.0,0.0,0.0
183.179.22.186,41,20.5,41,39,11504.439024390244,26192.48938345569,540.6
183.221.90.177,6,6.0,6,6,13380.5,19439.904945755265,8.6
183.37.131.40,7,7.0,7,7,14588.142857142857,17854.344293276557,8.333333333333334
183.60.214.19,1,1.0,1,1,37932.0,0.0,0.0
183.60.215.50,1,1.0,1,0,338.0,0.0,0.0
183.60.243.242,1,1.0,1,1,37932.0,0.0,0.0
183.60.244.20,1,1.0,1,1,37932.0,0.0,0.0
183.60.244.24,1,1.0,1,1,37932.0,0.0,0.0
183.63.83.14,1,1.0,1,1,47731.0,0.0,0.0
183.82.101.58,1,1.0,1,1,40923996.0,0.0,0.0
183.83.4.248,1,1.0,1,1,3638.0,0.0,0.0
183.87.253.120,6,6.0,6,6,14189.666666666666,19486.522046447044,10.6
183.91.14.219,1,1.0,1,0,289.0,0.0,0.0
184.148.132.111,1,1.0,1,1,175208.0,0.0,0.0
184.151.222.45,1,1.0,1,1,65748.0,0.0,0.0
184.153.164.52,6,6.0,6,6,13380.5,19439.904945755265,8.4
184.154.100.130,2,2.0,2,2,27237.5,15124.306942799065,25.0
184.154.137.213,1,1.0,1,0,296.0,0.0,0.0
184.154.149.126,2,2.0,2,2,54306753.0,0.0,14379.0
184.154.15.210,2,2.0,2,2,23440.0,20494.782945910894,5.0
184.154.153.210,2,2.0,2,2,23440.0,20494.782945910894,2.0
184.154.170.122,2,2.0,2,2,29361.0,35182.80500471786,1.0
184.154.88.108,2,2.0,2,2,27237.5,15124.306942799065,15.0
184.162.26.147,8,8.0,8,8,10604.75,17033.87921383231,7.142857142857143
184.169.185.164,1,1.0,1,1,32352.0,0.0,0.0
184.169.233.10,1,1.0,1,1,14872.0,0.0,0.0
184.185.208.221,2,2.0,2,2,37932.0,0.0,3578.0
184.22.115.74,2,2.0,2,2,19660.5,21464.22634291765,48.0
184.60.23.120,6,6.0,6,6,14473.166666666666,19550.42057262878,10.4
184.66.149.103,37,37.0,37,37,124255.1081081081,266130.2749255192,1.5833333333333333
185.2.138.125,7,7.0,7,7,11988.714285714286,18124.138395284575,7.0
185.26.239.20,2,2.0,2,2,53270.0,0.0,10.0
185.37.161.34,1,1.0,1,1,65748.0,0.0,0.0
185.38.249.133,2,2.0,2,1,19116.0,26609.842389612157,24.0
185.38.249.96,2,2.0,2,2,27158226.0,38393815.08185215,18.0
185.4.253.67,20,20.0,20,19,17377.65,9064.451011187084,190.31578947368422
185.5.152.85,1,1.0,1,1,65748.0,0.0,0.0
185.5.156.107,1,1.0,1,1,65748.0,0.0,0.0
186.202.153.56,1,1.0,1,1,65748.0,0.0,0.0
186.22.52.72,6,6.0,6,6,12927.0,19502.01531124412,10.8
186.231.123.210,13,13.0,13,13,17563.846153846152,19358.054989444547,1501.25
186.44.199.211,1,1.0,1,1,65748.0,0.0,0.0
186.9.133.54,1,1.0,1,1,203023.0,0.0,0.0
186.93.16.149,1,1.0,1,1,13316.0,0.0,0.0
186.93.30.106,1,1.0,1,1,13316.0,0.0,0.0
187.16.77.116,1,1.0,1,1,3638.0,0.0,0.0
187.210.142.8,1,1.0,1,1,65748.0,0.0,0.0
187.211.57.202,1,1.0,1,1,65748.0,0.0,0.0
187.214.29.27,1,1.0,1,1,65748.0,0.0,0.0
187.45.193.158,8,2.0,8,8,740370.875,520400.0475970214,25711.714285714286
187.60.96.7,2,2.0,2,2,23440.0,20494.782945910894,28.0
188.122.8.79,13,13.0,13,12,11149.615384615385,18284.784337158864,604.25
188.159.245.205,1,1.0,1,1,65748.0,0.0,0.0
188.165.243.45,3,3.0,3,0,291.6666666666667,2.5166114784235765,10.0
188.165.58.197,1,1.0,1,1,37932.0,0.0,0.0
188.176.12.4,2,2.0,2,2,26875.0,32862.08054886361,1.0
188.178.214.179,2,2.0,2,2,6000.5,3341.079541106437,19.0
188.192.27.241,8,8.0,8,8,17835.875,20980.03988446093,518.4285714285714
188.205.61.177,6,6.0,6,6,13380.5,19439.904945755265,7.4
188.207.200.116,2,2.0,2,2,18968.0,26824.802851092867,18.0
188.236.57.27,1,1.0,1,1,65748.0,0.0,0.0
188.238.146.131,1,1.0,1,1,175208.0,0.0,0.0
188.240.136.240,2,2.0,2,2,53270.0,0.0,4.0
188.250.157.192,6,6.0,6,6,13380.5,19439.904945755265,11.0
188.252.129.118,1,1.0,1,1,47731.0,0.0,0.0
188.253.16.227,1,1.0,1,1,65748.0,0.0,0.0
188.35.22.24,4,2.0,4,4,39692.0,0.0,22799.333333333332
188.40.60.225,1,1.0,1,1,37932.0,0.0,0.0
188.65.166.78,1,1.0,1,1,321631.0,0.0,0.0
188.80.229.128,6,6.0,6,6,14473.166666666666,19550.420572628784,11.2
188.9.138.189,8,8.0,8,7,16341.75,21839.287414787927,6.857142857142857
189.11.65.66,6,6.0,6,6,13473.666666666666,19434.98381441741,5.2
189.127.128.209,1,1.0,1,1,171717.0,0.0,0.0
189.148.62.33,1,1.0,1,1,65748.0,0.0,0.0
189.170.95.135,7,7.0,7,7,11988.714285714286,18124.138395284575,4206.0
189.214.42.128,6,6.0,6,6,14473.166666666666,19550.42057262878,9.2
189.221.118.68,1,1.0,1,1,65748.0,0.0,0.0
189.60.115.148,1,1.0,1,1,22218.0,0.0,0.0
189.71.37.115,6,6.0,6,6,13380.5,19439.904945755265,9.0
190.1.111.247,1,1.0,1,1,3638.0,0.0,0.0
190.107.140.178,1,1.0,1,1,65748.0,0.0,0.0
190.131.202.114,1,1.0,1,1,175208.0,0.0,0.0
190.153.25.242,8,8.0,8,8,13766813.125,26581961.059100244,517.8571428571429
190.181.197.43,1,1.0,1,1,65748.0,0.0,0.0
190.198.191.75,6,6.0,6,6,14473.166666666666,19550.42057262878,5.4
190.239.74.15,1,1.0,1,1,65748.0,0.0,0.0
190.250.238.82,1,1.0,1,0,291.0,0.0,0.0
190.73.45.219,2,2.0,2,2,26875.0,32862.08054886361,41.0
190.82.255.69,6,6.0,6,6,13013.333333333334,18558.278235511687,10.2
192.118.118.1,13,6.5,13,13,2748.6153846153848,4858.602603260557,1804.0833333333333
192.118.78.198,1,1.0,1,1,1168622.0,0.0,0.0
192.185.81.134,1,1.0,1,0,7861.0,0.0,0.0
192.185.83.181,1,1.0,1,0,289.0,0.0,0.0
192.187.119.210,2,2.0,2,2,23440.0,20494.782945910894,29.0
192.227.137.164,2,2.0,2,2,27158226.0,38393815.08185215,19.0
192.254.138.148,1,1.0,1,1,149691.0,0.0,0.0
192.254.157.212,1,1.0,0,1,0.0,0.0,0.0
192.3.183.199,2,2.0,2,2,53270.0,0.0,35.0
192.3.22.170,2,2.0,2,2,23440.0,20494.782945910894,27.0
192.30.34.115,1,1.0,0,1,0.0,0.0,0.0
192.44.32.8,8,8.0,8,8,18544.0,25405.647920998083,519.0
192.91.173.36,1,1.0,1,0,0.0,0.0,0.0
192.95.12.193,4,4.0,4,4,13594452.0,27141543.977298982,1204.3333333333333
192.99.12.169,2,2.0,2,2,31008.0,8854.391114017948,45.0
193.104.184.225,7,7.0,7,7,5848826.857142857,15466696.534307152,9.0
193.105.0.2,1,1.0,1,1,47731.0,0.0,0.0
193.146.92.166,6,6.0,6,6,14473.166666666666,19550.42057262878,726.0
193.148.35.14,1,1.0,1,1,10068.0,0.0,0.0
193.167.195.60,6,6.0,6,6,12884.5,19511.067390073767,11.0
193.173.113.126,1,1.0,1,1,3638.0,0.0,0.0
193.179.215.103,2,2.0,2,2,26875.0,32862.08054886361,9.0
193.185.55.253,6,6.0,6,6,13161.0,19462.07613796637,8.8
193.225.194.254,6,6.0,6,6,2965.3333333333335,5253.050834197844,10.4
193.238.231.119,6,2.0,6,6,677252.8333333334,1101372.4038611855,35274.4
193.24.88.211,7,7.0,7,7,15098.142857142857,17923.44704038606,6.0
193.244.33.47,35,35.0,35,33,67415.6,111456.95011005501,1.6764705882352942
193.252.118.167,2,2.0,2,2,4803.5,6793.174846859162,36.0
193.252.118.175,2,2.0,2,2,1028.0,1453.8115421195416,17.0
193.252.149.15,1,1.0,1,1,19483.0,0.0,0.0
193.252.149.222,6,6.0,6,6,14189.666666666666,19486.522046447044,2162.6
193.30.41.222,6,6.0,6,6,14189.666666666666,19486.522046447044,9.2
193.33.2.113,13,13.0,13,8,11123.076923076924,16956.91053062408,299.9166666666667
193.40.6.84,6,6.0,6,6,14089.0,19469.741970555235,5.0
193.50.193.83,8,8.0,8,8,11263.0,17563.06623083143,517.0
193.58.82.178,3,3.0,3,3,10367.0,10600.08259401784,14.0
193.61.104.6,2,2.0,2,2,26875.0,32862.08054886361,3569.0
193.65.112.2,1,1.0,1,1,175208.0,0.0,0.0
193.77.124.16,6,6.0,6,6,13380.5,19439.904945755265,8.4
193.77.158.208,6,6.0,6,6,14473.166666666666,19550.420572628784,7.8
193.83.204.66,8,8.0,8,8,10462.625,17104.906772514973,8.428571428571429
194.103.63.154,2,1.0,2,0,0.0,0.0,21591.0
194.105.145.147,6,6.0,6,6,12965.833333333334,19494.226585496195,9.6
194.126.102.178,12,12.0,12,12,4105.083333333333,5674.872581001803,3.909090909090909
194.14.211.19,6,6.0,6,6,13221.5,19454.484364793636,10.4
194.146.132.138,6,6.0,6,6,12927.0,19502.01531124412,6.6
194.149.247.24,7,7.0,7,7,16833.14285714286,19312.240034311326,3607.8333333333335
194.150.156.142,1,1.0,1,1,3638.0,0.0,0.0
194.153.130.2,1,1.0,1,1,47731.0,0.0,0.0
194.171.252.104,6,6.0,6,6,13380.5,19439.90494575527,8.4
194.186.207.105,33,33.0,33,32,71442.42424242424,113606.37546068616,113.75
194.237.142.21,1,1.0,1,0,0.0,0.0,0.0
194.249.247.164,7,3.5,7,7,15098.142857142857,17923.44704038606,3002.8333333333335
194.250.79.71,7,7.0,7,7,12955.857142857143,17773.333484263923,2406.3333333333335
194.254.139.66,2,2.0,2,2,26875.0,32862.08054886361,64800.0
194.29.137.5,14,14.0,14,14,17392.785714285714,39319.30020344984,4.230769230769231
194.45.150.17,6,6.0,6,6,14089.0,19469.741970555235,9.2
194.94.204.181,2,2.0,2,2,26875.0,32862.08054886361,12.0
195.122.146.186,1,1.0,0,1,0.0,0.0,0.0
195.14.103.53,7,7.0,7,7,18627.85714285714,22531.493939436354,8.166666666666666
195.14.72.29,7,7.0,7,7,18627.85714285714,22531.493939436354,9.0
195.160.233.249,5,5.0,5,5,15329.0,21069.230847375515,12.5
195.176.110.194,1,1.0,1,1,34213.0,0.0,0.0
195.176.191.93,6,6.0,6,6,13380.5,19439.904945755265,9.6
195.188.180.1,1,1.0,1,0,0.0,0.0,0.0
195.194.187.106,7,7.0,7,7,13304.714285714286,17746.525788768588,1203.5
195.211.162.22,2,2.0,2,1,19153.5,26556.809381023166,10.0
195.228.139.91,7,7.0,7,7,18627.85714285714,22531.493939436354,8.833333333333334
195.242.218.133,3,3.0,3,3,17147.0,0.0,28.0
195.248.32.227,5,1.25,5,0,0.0,0.0,64802.25
195.250.34.144,3,3.0,3,0,291.6666666666667,2.5166114784235907,13.0
195.250.51.10,6,6.0,6,6,14189.666666666666,19486.522046447044,6.4
195.250.62.9,1,1.0,1,1,3638.0,0.0,0.0
195.27.15.134,1,1.0,1,1,3638.0,0.0,0.0
195.37.190.67,1,1.0,1,1,10975.0,0.0,0.0
195.38.23.137,2,2.0,2,2,26875.0,32862.08054886361,16.0
195.44.196.178,6,6.0,6,6,14189.666666666666,19486.52204644704,10.0
195.56.119.209,6,6.0,6,6,14473.166666666666,19550.42057262878,9.8
196.14.132.154,6,6.0,6,6,14189.666666666666,19486.522046447044,11.4
196.196.16.139,1,1.0,1,1,10538.0,0.0,0.0
197.153.69.109,1,1.0,1,1,65748.0,0.0,0.0
197.187.26.144,1,1.0,1,1,65748.0,0.0,0.0
197.206.232.180,1,1.0,1,1,65748.0,0.0,0.0
197.235.139.144,1,1.0,1,1,65748.0,0.0,0.0
197.237.89.221,1,1.0,1,1,175208.0,0.0,0.0
197.36.142.40,6,6.0,6,6,14089.0,19469.741970555235,5.8
198.143.144.61,1,1.0,1,1,54306753.0,0.0,0.0
198.143.145.210,1,1.0,1,0,296.0,0.0,0.0
198.143.155.251,2,2.0,2,2,9482.0,0.0,3599.0
198.143.156.2,2,2.0,2,2,53270.0,0.0,36.0
198.148.112.117,6,3.0,6,6,37330.666666666664,25447.38327346579,16567.4
198.167.137.156,2,2.0,2,2,31008.0,8854.391114017948,17.0
198.167.137.193,2,2.0,2,2,30678.0,36488.12412278823,8.0
198.20.79.140,2,2.0,2,2,18729.0,0.0,37.0
198.208.159.20,1,1.0,1,1,35554730.0,0.0,0.0
198.228.201.147,3,3.0,3,3,16543.0,0.0,16.5
198.228.201.171,5,5.0,5,5,20457.0,23161.607640662598,13.75
198.245.61.43,3,3.0,3,0,291.6666666666667,2.5166114784235907,2.0
198.27.64.9,4,2.0,4,4,13588477.5,27145517.333760448,8400.666666666666
198.46.149.143,82,20.5,82,82,10036.0,724.4308110509934,3644.740740740741
198.50.175.174,1,1.0,1,1,18729.0,0.0,0.0
198.50.227.136,2,2.0,2,2,9482.0,0.0,6.0
198.55.109.202,2,2.0,2,2,29361.0,35182.80500471786,10.0
199.102.67.16,1,1.0,1,0,7861.0,0.0,0.0
199.116.117.212,1,1.0,1,0,289.0,0.0,0.0
199.119.124.43,2,2.0,2,2,20787.0,24252.348381136206,8.0
199.119.124.45,1,1.0,1,1,32352.0,0.0,0.0
199.15.233.137,1,1.0,1,1,37936.0,0.0,0.0
199.15.233.140,1,1.0,1,1,50112.0,0.0,0.0
199.16.156.124,7,3.5,7,7,3127588.5714285714,2136549.7405070993,14401.166666666666
199.16.156.125,9,3.0,9,9,2432568.888888889,2307737.476246185,22502.0
199.16.156.126,8,2.6666666666666665,8,8,1094656.0,2026909.054273244,25717.0
199.168.96.66,41,41.0,41,14,6396.756097560976,11035.259253367107,1.425
199.187.125.26,1,1.0,0,1,0.0,0.0,0.0
199.189.248.95,1,1.0,1,0,289.0,0.0,0.0
199.204.56.18,6,6.0,6,6,14189.666666666666,19486.522046447044,10.0
199.247.189.63,6,6.0,6,6,14089.0,19469.741970555235,10.6
199.30.20.11,2,2.0,2,2,4911.0,6945.20280481427,51.0
199.30.20.161,2,2.0,2,2,5306.5,7504.524268732829,13.0
199.30.20.30,2,2.0,2,2,5306.5,7504.524268732829,47.0
199.30.20.6,4,2.0,4,4,23865.5,27557.505698690027,1196.0
199.30.20.64,2,2.0,2,2,5814.0,8222.237651637175,6.0
199.30.20.65,2,2.0,2,2,5237.5,7406.943532929085,50.0
199.30.20.7,2,2.0,2,2,4709.5,6660.238771996091,3.0
199.30.20.8,2,2.0,2,2,4709.5,6660.238771996091,23.0
199.30.22.61,1,1.0,1,1,65748.0,0.0,0.0
199.30.24.78,1,1.0,1,1,52315.0,0.0,0.0
199.30.25.233,1,1.0,1,1,4877.0,0.0,0.0
199.47.180.6,2,2.0,2,2,586130.0,823768.0863738289,18.0
199.47.81.13,1,1.0,1,1,37941.0,0.0,0.0
199.59.148.209,1,1.0,1,1,37269.0,0.0,0.0
199.59.148.210,1,1.0,1,1,0.0,0.0,0.0
199.59.148.211,2,2.0,2,2,2189312.0,3096154.7226661653,20.0
199.74.99.157,1,1.0,1,1,80663.0,0.0,0.0
2.137.32.153,6,6.0,6,6,12884.5,19511.067390073767,7.4
2.179.147.248,1,1.0,1,1,65748.0,0.0,0.0
2.241.35.167,32,32.0,32,29,10347.9375,27232.873579835872,1.903225806451613
2.38.110.208,1,1.0,1,1,65748.0,0.0,0.0
2.51.241.128,2,1.0,2,2,3638.0,0.0,71962.0
2.85.194.19,1,1.0,1,1,3638.0,0.0,0.0
20.137.2.50,1,1.0,1,0,0.0,0.0,0.0
200.10.161.5,4,4.0,4,4,26875.0,26831.776410318667,1211.0
200.123.214.163,1,1.0,1,1,65748.0,0.0,0.0
200.141.109.74,1,1.0,1,1,37932.0,0.0,0.0
200.28.244.131,1,1.0,1,1,65748.0,0.0,0.0
200.31.173.106,34,34.0,34,33,69341.17647058824,112540.76368505947,109.75757575757575
200.49.190.100,1,1.0,1,1,44019.0,0.0,0.0
200.49.190.101,3,3.0,3,3,4012.6666666666665,2672.4697067194857,13.0
200.50.183.132,1,1.0,1,1,175208.0,0.0,0.0
200.68.86.233,6,6.0,6,6,14473.166666666666,19550.42057262878,10.0
200.85.183.174,6,6.0,6,6,12927.0,19502.01531124412,8.4
200.89.129.197,2,2.0,2,2,3069.5,803.9804102091045,16.0
201.124.21.149,6,6.0,6,6,13380.5,19439.904945755265,10.8
201.141.65.112,1,1.0,1,1,299660.0,0.0,0.0
201.216.154.220,1,1.0,1,1,65748.0,0.0,0.0
201.22.249.225,3,3.0,3,3,2301.0,1321.290656895749,16.0
201.242.142.135,1,1.0,1,1,13316.0,0.0,0.0
201.244.101.132,1,1.0,1,1,65748.0,0.0,0.0
201.26.152.202,18,18.0,18,18,14890.055555555555,34922.88458113562,214.0
201.74.200.85,1,1.0,1,1,90256.0,0.0,0.0
201.76.90.77,6,6.0,6,6,14473.166666666666,19550.420572628784,9.8
202.101.244.118,2,2.0,2,2,23440.0,20494.782945910894,5.0
202.134.13.137,1,1.0,1,1,65748.0,0.0,0.0
202.156.10.11,2,2.0,2,2,29230.5,32646.41298060171,4.0
202.156.10.254,3,3.0,3,3,7679.666666666667,8423.274976713827,24.5
202.232.30.232,2,2.0,2,2,6223.0,3655.742058734451,4.0
202.46.62.20,1,1.0,1,1,36824.0,0.0,0.0
202.59.2.2,7,7.0,7,7,14588.142857142857,17854.344293276557,605.8333333333334
202.65.130.3,1,1.0,1,1,1693678.0,0.0,0.0
202.65.36.249,1,1.0,1,1,175208.0,0.0,0.0
202.68.209.129,6,6.0,6,6,12884.333333333334,19511.103973549692,7.2
202.7.107.76,1,1.0,1,1,40923996.0,0.0,0.0
202.76.247.11,1,1.0,1,1,24747.0,0.0,0.0
202.86.115.186,7,7.0,7,7,18627.85714285714,22531.493939436354,603.3333333333334
203.116.198.120,1,1.0,1,1,40923996.0,0.0,0.0
203.116.59.13,1,1.0,1,1,171717.0,0.0,0.0
203.118.242.184,1,1.0,1,1,65748.0,0.0,0.0
203.122.224.39,6,6.0,6,6,6114.5,9224.57116076406,10.4
203.144.5.101,1,1.0,1,1,175208.0,0.0,0.0
203.145.79.41,2,2.0,2,2,601417.5,802148.2965390502,4.0
203.173.130.29,1,1.0,1,1,175208.0,0.0,0.0
203.173.194.136,1,1.0,1,0,0.0,0.0,0.0
203.173.200.21,1,1.0,1,0,0.0,0.0,0.0
203.173.241.145,5,2.5,5,5,175208.0,0.0,6299.5
203.206.205.64,6,6.0,6,6,13161.166666666666,19462.053678033742,724.6
203.211.107.162,1,1.0,1,1,175208.0,0.0,0.0
203.219.136.224,7,7.0,7,7,12510.57142857143,18186.809440334706,7795.166666666667
203.219.2.2,6,6.0,6,6,13964.5,19453.29274698759,8.8
203.41.198.36,6,6.0,6,6,14189.666666666666,19486.522046447044,8.6
203.81.69.86,1,1.0,1,1,65748.0,0.0,0.0
203.82.66.233,1,1.0,1,1,75275.0,0.0,0.0
203.84.135.120,6,6.0,6,6,13964.5,19453.29274698759,5.2
203.99.205.107,34,34.0,34,34,132742.9705882353,276263.0421049108,1.5757575757575757
203.99.206.243,1,1.0,1,1,3638.0,0.0,0.0
204.15.164.228,1,1.0,1,1,5052.0,0.0,0.0
204.19.246.36,1,1.0,1,1,175208.0,0.0,0.0
204.236.153.140,1,1.0,1,1,29941.0,0.0,0.0
204.236.162.60,1,1.0,1,1,32352.0,0.0,0.0
204.236.190.162,1,1.0,1,1,14872.0,0.0,0.0
204.236.226.210,3,3.0,3,2,5629.0,9453.36612006538,19.0
204.244.74.22,2,2.0,2,0,400.0,0.0,6.0
204.62.56.3,34,34.0,34,32,69351.88235294117,112533.98455302147,1.7272727272727273
204.93.54.167,2,2.0,2,2,31008.0,8854.391114017948,25.0
204.93.54.173,2,2.0,2,2,31008.0,8854.391114017948,32.0
204.93.54.176,2,2.0,2,2,23440.0,20494.782945910894,12.0
204.93.54.177,2,2.0,2,2,31008.0,8854.391114017948,15.0
204.93.54.178,4,4.0,4,4,31008.0,7229.580070792494,21612.0
204.93.54.238,2,2.0,2,2,23440.0,20494.782945910894,8.0
205.159.86.10,3,1.0,3,0,0.0,0.0,30612.5
206.161.220.42,1,1.0,1,1,171717.0,0.0,0.0
206.47.94.142,7,7.0,7,7,18627.85714285714,22531.493939436354,605.0
207.158.15.119,1,1.0,1,1,3638.0,0.0,0.0
207.241.237.101,17,8.5,17,17,11984.470588235294,6088.108564218109,4048.25
207.241.237.102,13,6.5,13,13,16073.615384615385,18350.060701709142,4500.916666666667
207.241.237.103,11,5.5,11,11,14106.09090909091,8762.871304025244,1802.8
207.241.237.104,13,6.5,13,12,8073.615384615385,4979.30151625141,3899.6666666666665
207.241.237.220,18,9.0,18,17,14527.555555555555,6997.149211283644,3390.0588235294117
207.241.237.221,9,4.5,9,9,13077.222222222223,2609.863012582163,4952.125
207.241.237.223,21,10.5,21,21,13417.666666666666,6222.006455584351,2698.05
207.241.237.224,12,6.0,12,12,9674.5,6461.3260882098975,6872.181818181818
207.241.237.225,13,6.5,13,13,12467.307692307691,4282.105778403413,5097.833333333333
207.241.237.226,11,5.5,11,11,11713.0,5009.621203244812,4679.9
207.241.237.227,17,8.5,17,17,15021.058823529413,11483.125121621879,4275.25
207.241.237.228,16,8.0,16,16,14370.75,11676.123560497294,6959.133333333333
207.255.245.133,6,6.0,6,6,13380.5,19439.90494575527,8.8
207.45.249.135,5,5.0,5,5,16300.0,21006.05569829805,8.75
208.115.111.72,83,20.75,83,82,10545.253012048193,18201.12833934886,3381.1341463414633
208.115.113.88,74,24.666666666666668,74,70,7462.283783783784,11930.13414307602,2762.328767123288
208.43.243.244,8,8.0,8,8,14738.875,9399.305619299757,7.571428571428571
208.43.251.180,9,9.0,9,7,13845.444444444445,14789.077186483872,5.25
208.43.251.181,32,16.0,32,29,13068.3125,10098.19012668495,3020.6451612903224
208.43.252.200,42,21.0,42,41,13703.357142857143,9432.547372926823,1493.9024390243903
208.43.255.26,1,1.0,1,1,0.0,0.0,0.0
208.43.255.27,7,7.0,7,6,11326.142857142857,8398.809963889158,607.5
208.43.255.28,7,7.0,7,5,9231.714285714286,14029.695277212139,1209.1666666666667
208.43.255.31,2,2.0,2,2,6146.0,8691.756554345042,1.0
208.50.255.30,2,2.0,2,1,10049.5,13697.365458364611,16.0
208.54.40.237,6,6.0,6,6,12965.833333333334,19494.226585496195,10.8
208.71.68.122,1,1.0,1,1,3638.0,0.0,0.0
208.88.254.164,1,1.0,1,1,175208.0,0.0,0.0
208.91.156.11,60,15.0,60,0,324.0,0.0,5003.389830508475
208.93.0.48,19,4.75,19,19,31209.947368421053,1236.8169034386533,14800.388888888889
209.118.149.82,6,6.0,6,6,14189.666666666666,19486.522046447044,7.4
209.141.128.208,7,7.0,7,7,12683.57142857143,18160.425746268018,5.0
209.148.84.30,1,1.0,1,1,54683.0,0.0,0.0
209.17.114.78,40,10.0,40,40,76842.65,54534.67020047301,7200.74358974359
209.85.238.199,102,25.5,102,102,25160.382352941175,10305.778483903554,2922.7425742574255
210.13.83.18,40,40.0,40,39,61515.975,105441.72447922692,93.64102564102564
210.19.254.116,1,1.0,1,1,3638.0,0.0,0.0
210.246.47.78,1,1.0,1,1,175208.0,0.0,0.0
210.71.251.31,6,6.0,6,6,13964.5,19453.29274698759,7.8
211.125.92.233,1,1.0,1,1,37932.0,0.0,0.0
211.150.124.10,1,1.0,1,1,47731.0,0.0,0.0
211.25.11.99,3,3.0,3,3,19402.333333333332,28568.540063036708,15.0
211.9.44.193,6,6.0,6,6,12927.0,19502.01531124412,9.0
212.101.243.11,1,1.0,1,0,0.0,0.0,0.0
212.107.116.234,1,1.0,1,1,44019.0,0.0,0.0
212.159.68.200,6,6.0,6,6,14089.0,19469.741970555235,7.6
212.180.233.101,6,6.0,6,6,14473.166666666666,19550.42057262878,10.4
212.197.170.45,2,2.0,2,2,3638.0,0.0,56.0
212.201.44.247,2,2.0,2,2,26875.0,32862.08054886361,12.0
212.227.66.11,1,1.0,1,1,50112.0,0.0,0.0
212.234.218.51,1,1.0,1,1,47731.0,0.0,0.0
212.242.185.85,6,6.0,6,6,13380.5,19439.904945755265,6.6
212.33.34.196,7,7.0,7,7,18627.85714285714,22531.493939436354,8.166666666666666
212.39.97.114,8,8.0,8,8,17835.875,20980.03988446093,1034.7142857142858
212.48.66.64,2,2.0,0,2,0.0,0.0,7186.0
212.51.173.12,27,27.0,27,27,51610.851851851854,91833.27382972307,140.73076923076923
212.84.56.58,7,7.0,7,7,18627.85714285714,22531.493939436354,9.166666666666666
212.90.148.107,2,2.0,2,0,295.5,4.949747468305833,37.0
213.10.136.118,7,7.0,7,6,11517.42857142857,18417.9848595256,7.5
213.112.247.129,1,1.0,1,1,394967.0,0.0,0.0
213.112.253.123,6,6.0,6,6,13009.833333333334,19485.95895938064,2.2
213.124.13.242,2,2.0,2,2,26875.0,32862.08054886361,49.0
213.133.224.50,1,1.0,1,1,65748.0,0.0,0.0
213.150.233.62,6,6.0,6,6,12795.333333333334,19531.848705810382,6.6
213.160.109.10,7,7.0,7,6,11517.42857142857,18417.9848595256,605.6666666666666
213.160.130.242,1,1.0,1,1,3638.0,0.0,0.0
213.17.226.11,6,6.0,6,6,13161.0,19462.07613796637,8.0
213.174.192.220,6,6.0,6,6,12884.333333333334,19511.103973549692,8.2
213.180.27.58,1,1.0,1,1,2269.0,0.0,0.0
213.181.52.10,6,6.0,6,6,13211.0,19455.721204828158,7.6
213.193.72.155,6,6.0,6,6,13380.5,19439.904945755265,8.8
213.21.42.46,6,6.0,6,6,14473.166666666666,19550.420572628784,4.6
213.252.7.178,6,3.0,6,6,14483.833333333334,18947.351143805477,717.6
213.5.179.37,1,1.0,0,1,0.0,0.0,0.0
213.52.196.70,2,2.0,2,2,14192.5,14926.317044066831,1.0
213.61.156.100,7,7.0,7,7,20673.428571428572,26658.952610440538,1802.6666666666667
213.87.123.186,1,1.0,1,1,65748.0,0.0,0.0
213.95.18.125,2,2.0,2,2,14192.5,14926.317044066831,20.0
216.107.155.114,2,2.0,2,2,5637.5,7972.6289578783235,3.0
216.109.99.4,7,7.0,7,7,13225.0,17750.892428269628,9.166666666666666
216.14.102.16,9,3.0,0,8,0.0,0.0,17999.25
216.14.198.50,8,8.0,8,8,19646.75,19176.220480808293,5.857142857142857
216.14.208.102,1,1.0,1,0,289.0,0.0,0.0
216.143.11.118,7,7.0,7,7,18002.0,20186.196917696012,7.166666666666667
216.150.76.218,1,1.0,1,0,7861.0,0.0,0.0
216.151.137.35,2,2.0,2,2,5977.5,987.8281733176069,44.0
216.151.154.100,2,2.0,2,2,29361.0,35182.80500471786,24.0
216.152.243.146,2,2.0,2,2,29558.0,34904.204932930355,6.0
216.152.243.152,2,2.0,2,2,27158226.0,38393815.08185215,7.0
216.152.249.242,25,12.5,25,22,1952298.2,9684377.602353528,2402.1666666666665
216.16.195.52,2,2.0,2,2,9603.0,8435.783899555512,21.0
216.172.140.128,2,2.0,2,2,53238.0,0.0,11.0
216.56.20.98,1,1.0,1,1,175208.0,0.0,0.0
217.116.157.26,7,7.0,7,1,1756.0,4645.939302229422,8.833333333333334
217.119.24.14,2,2.0,2,2,26875.0,32862.08054886361,30.0
217.12.185.5,25,12.5,25,25,12755.72,17020.419678825,1952.2916666666667
217.12.215.94,1,1.0,1,1,54662.0,0.0,0.0
217.140.110.23,6,6.0,6,6,14473.166666666666,19550.42057262878,7.0
217.17.193.66,7,7.0,7,7,13046.142857142857,18263.08530368086,6.333333333333333
217.172.190.158,2,2.0,2,2,29361.0,35182.80500471786,35.0
217.174.111.254,5,5.0,5,5,15065.6,21124.849130822215,14.0
217.195.202.13,23,23.0,23,22,2122793.5217391304,10096210.745788744,166.13636363636363
217.212.224.181,5,2.5,5,4,13401.2,9926.146518161013,21589.25
217.212.224.183,2,1.0,2,2,0.0,0.0,26.0
217.26.210.20,1,1.0,1,0,299.0,0.0,0.0
217.69.133.234,4,2.0,4,3,4646.5,9293.0,35992.666666666664
217.69.133.235,1,1.0,1,1,0.0,0.0,0.0
217.69.133.236,2,1.0,2,1,9424.0,13327.548611804048,82788.0
217.69.133.237,4,1.3333333333333333,4,4,2521.75,5043.5,42001.666666666664
217.69.133.238,5,1.6666666666666667,5,4,6844.6,6524.53828251471,25201.0
217.69.133.239,1,1.0,1,1,10087.0,0.0,0.0
217.69.133.70,4,1.3333333333333333,4,4,2521.75,5043.5,42006.333333333336
217.71.46.55,1,1.0,1,1,151917.0,0.0,0.0
217.91.18.234,6,6.0,6,6,14089.0,19469.741970555235,5.0
218.188.93.140,6,6.0,6,6,13964.5,19453.29274698759,8.8
218.240.60.244,2,2.0,2,2,848658.0,1195038.7444765128,14.0
218.28.225.87,1,1.0,1,1,3638.0,0.0,0.0
218.30.103.114,2,2.0,2,2,13422.0,4413.76052816643,22.0
218.30.103.62,16,8.0,16,14,13244.75,13492.062068737554,2643.0666666666666
219.137.88.123,1,1.0,1,1,12292.0,0.0,0.0
219.64.34.68,33,33.0,33,31,70109.15151515152,114213.4996820979,1.84375
219.89.193.142,1,1.0,1,0,0.0,0.0,0.0
220.181.108.149,1,1.0,1,1,36824.0,0.0,0.0
220.181.108.150,1,1.0,1,1,36824.0,0.0,0.0
220.181.108.153,1,1.0,1,1,36824.0,0.0,0.0
220.181.108.162,1,1.0,1,1,36824.0,0.0,0.0
220.181.108.171,1,1.0,1,1,36824.0,0.0,0.0
220.181.108.178,1,1.0,1,1,36824.0,0.0,0.0
220.181.108.18,1,1.0,1,1,48437287.0,0.0,0.0
220.181.108.185,1,1.0,1,1,37932.0,0.0,0.0
220.181.127.18,1,1.0,1,1,37932.0,0.0,0.0
220.181.51.37,1,1.0,1,1,40923996.0,0.0,0.0
220.209.87.113,6,6.0,6,6,13380.5,19439.904945755265,11.2
220.241.45.142,2,2.0,2,2,4830.5,6831.358613043236,23.0
220.244.10.116,6,6.0,6,6,13380.5,19439.904945755265,8.4
220.245.217.154,6,6.0,6,6,13380.5,19439.904945755265,6.6
222.14.252.108,26,26.0,26,26,53455.96153846154,93140.15139583175,2.24
222.77.201.107,4,2.0,4,4,25338.75,14868.330939169557,25207.333333333332
223.225.206.164,1,1.0,1,1,65748.0,0.0,0.0
223.67.143.84,1,1.0,1,1,3638.0,0.0,0.0
223.72.228.186,1,1.0,1,1,53270.0,0.0,0.0
223.81.196.65,1,1.0,1,1,65748.0,0.0,0.0
23.105.131.185,2,2.0,2,2,18586.0,0.0,14369.0
23.105.131.2,1,1.0,1,1,18586.0,0.0,0.0
23.105.131.207,1,1.0,1,1,18586.0,0.0,0.0
23.105.131.247,1,1.0,1,1,18586.0,0.0,0.0
23.105.131.64,1,1.0,1,1,18586.0,0.0,0.0
23.105.131.70,1,1.0,1,1,18586.0,0.0,0.0
23.20.83.155,2,2.0,2,1,1969.0,2360.322435600696,33.0
23.21.22.111,1,1.0,1,1,53270.0,0.0,0.0
23.229.67.14,4,4.0,4,4,38355.0,20895.494155439348,1210.3333333333333
23.231.5.40,1,1.0,1,1,11468.0,0.0,0.0
23.24.200.86,1,1.0,1,1,3638.0,0.0,0.0
23.30.147.145,28,28.0,28,28,51472.28571428572,90119.59551242311,134.74074074074073
23.92.61.96,2,2.0,2,2,23440.0,20494.782945910894,10.0
23.94.36.245,2,2.0,2,2,27158226.0,38393815.08185215,31.0
24.0.194.37,32,32.0,32,32,124602.59375,214515.42775150298,1.903225806451613
24.11.96.184,38,38.0,38,37,11397.763157894737,25137.700064046378,196.02702702702703
24.111.34.227,1,1.0,1,1,18848.0,0.0,0.0
24.114.40.26,1,1.0,1,1,175208.0,0.0,0.0
24.115.69.95,5,5.0,5,5,16640.2,21036.95390735075,12.75
24.130.53.65,6,6.0,6,6,13380.5,19439.904945755265,10.8
24.147.91.100,6,6.0,6,6,14473.166666666666,19550.42057262878,8.8
24.151.226.65,2,2.0,2,2,9482.0,0.0,14.0
24.183.21.30,1,1.0,1,1,6443283.0,0.0,0.0
24.190.3.5,1,1.0,1,1,175208.0,0.0,0.0
24.196.39.217,2,2.0,2,2,26875.0,32862.08054886361,4.0
24.21.55.63,6,6.0,6,6,12998.666666666666,19488.00107416527,5.8
24.210.169.33,1,1.0,1,1,175208.0,0.0,0.0
24.233.162.179,1,1.0,1,1,3638.0,0.0,0.0
24.236.252.67,1,1.0,1,1,3638.0,0.0,0.0
24.237.38.218,8,8.0,8,8,17835.875,20980.03988446093,6.857142857142857
24.5.221.92,5,5.0,5,5,16029.8,21001.12539127368,9.5
24.8.92.137,4,1.3333333333333333,4,4,29941.0,0.0,23992.0
24.84.241.107,10,10.0,10,10,7196.2,7299.9594793395945,6.333333333333333
24.97.227.132,5,5.0,5,5,16300.0,21006.05569829805,10.25
27.159.203.227,4,2.0,4,4,23440.0,16733.920202192112,8411.666666666666
27.159.230.187,1,1.0,1,1,38555.0,0.0,0.0
27.251.237.154,7,7.0,7,7,18627.85714285714,22531.493939436354,606.6666666666666
27.252.40.146,1,1.0,1,0,0.0,0.0,0.0
31.142.223.246,1,1.0,1,1,65748.0,0.0,0.0
31.150.236.68,1,1.0,1,1,47731.0,0.0,0.0
31.208.44.206,9,9.0,9,8,13493.333333333334,16295.233635943978,3.625
31.35.64.245,6,6.0,6,6,13161.0,19462.07613796637,8.8
31.4.197.143,6,6.0,6,6,14089.0,19469.741970555235,7.6
31.41.216.135,1,1.0,1,1,66717.0,0.0,0.0
31.45.226.43,1,1.0,1,1,175208.0,0.0,0.0
31.6.71.243,4,4.0,4,4,31008.0,7229.580070792494,1209.6666666666667
36.250.177.94,1,1.0,1,1,15796.0,0.0,0.0
36.37.235.225,1,1.0,1,1,65748.0,0.0,0.0
36.38.8.174,6,6.0,6,6,14189.666666666666,19486.522046447044,6.0
37.11.0.8,13,13.0,13,13,16206.0,20462.399016244406,599.8333333333334
37.115.112.88,3,3.0,3,3,17147.0,0.0,8.5
37.115.113.172,6,3.0,6,6,17147.0,0.0,5043.6
37.115.186.244,2,2.0,1,2,21858.5,15391.59330608758,43232.0
37.115.190.128,1,1.0,1,1,38217.0,0.0,0.0
37.130.227.133,1,1.0,1,1,3638.0,0.0,0.0
37.137.150.253,1,1.0,1,1,65748.0,0.0,0.0
37.187.101.122,2,2.0,2,2,23305.0,29294.01973099629,33.0
37.188.233.114,2,2.0,2,2,26875.0,32862.08054886361,37.0
37.194.3.12,5,5.0,5,5,15410.6,21055.313659501728,6.5
37.220.7.250,4,4.0,4,4,23440.0,16733.920202192112,1208.6666666666667
37.236.9.107,1,1.0,1,0,0.0,0.0,0.0
37.237.137.58,1,1.0,1,1,65748.0,0.0,0.0
37.241.118.235,1,1.0,1,1,65748.0,0.0,0.0
37.252.127.97,1,1.0,1,1,29941.0,0.0,0.0
37.31.40.234,2,2.0,2,2,26875.0,32862.08054886361,30.0
37.59.47.177,1,1.0,1,1,3638.0,0.0,0.0
37.72.189.120,2,2.0,2,2,29361.0,35182.80500471786,10.0
37.79.145.225,1,1.0,1,1,18848.0,0.0,0.0
38.99.236.50,33,33.0,33,32,71442.42424242424,113606.37546068615,1.625
39.41.133.216,1,1.0,1,1,175208.0,0.0,0.0
41.141.61.166,1,1.0,1,1,175208.0,0.0,0.0
41.189.161.63,1,1.0,1,1,65748.0,0.0,0.0
41.223.160.233,1,1.0,1,1,65748.0,0.0,0.0
41.223.160.234,1,1.0,1,1,65748.0,0.0,0.0
41.248.194.136,1,1.0,1,1,65748.0,0.0,0.0
41.249.219.90,1,1.0,1,1,65748.0,0.0,0.0
41.251.155.27,2,2.0,2,2,26875.0,32862.08054886361,26.0
41.74.172.23,6,6.0,6,6,14473.166666666666,19550.420572628784,7.4
41.99.29.14,1,1.0,1,1,65748.0,0.0,0.0
42.107.175.146,5,5.0,5,5,19419.0,22282.272404312807,8.25
42.156.136.43,1,1.0,1,1,18985.0,0.0,0.0
46.105.125.31,1,1.0,0,1,0.0,0.0,0.0
46.105.14.53,364,91.0,364,364,14872.0,0.0,823.2396694214876
46.105.37.142,1,1.0,1,1,20572.0,0.0,0.0
46.109.147.195,2,2.0,2,2,19660.5,21464.22634291765,14.0
46.118.116.232,1,1.0,1,1,37932.0,0.0,0.0
46.118.118.101,1,1.0,1,1,32742.0,0.0,0.0
46.118.125.84,3,3.0,3,3,17147.0,0.0,16.5
46.118.126.53,1,1.0,1,1,13171.0,0.0,0.0
46.118.127.106,5,2.5,5,5,45617.0,72762.30264017213,4502.5
46.118.158.25,1,1.0,1,1,7089.0,0.0,0.0
46.119.114.245,1,1.0,1,1,54683.0,0.0,0.0
46.119.119.29,3,3.0,3,3,17147.0,0.0,10.5
46.119.121.49,2,1.0,2,2,24238489.5,34222267.61762015,75641.0
46.120.130.221,1,1.0,1,1,3638.0,0.0,0.0
46.161.41.24,3,1.5,3,3,25487.333333333332,35136.07724737259,32377.0
46.165.197.141,2,2.0,2,2,18966.0,26821.97442396812,35.0
46.165.197.151,2,2.0,2,2,18966.0,26821.97442396812,21.0
46.166.199.137,1,1.0,1,1,12292.0,0.0,0.0
46.190.80.53,1,1.0,1,1,12292.0,0.0,0.0
46.26.114.245,1,1.0,1,1,50112.0,0.0,0.0
46.28.105.80,1,1.0,1,0,299.0,0.0,0.0
46.29.8.202,2,2.0,2,2,26875.0,32862.08054886361,2.0
46.32.254.207,1,1.0,1,1,5052.0,0.0,0.0
46.33.196.184,6,6.0,6,6,13380.5,19439.904945755265,10.2
46.4.101.88,6,3.0,6,6,25413.666666666668,20613.81257959494,23761.6
46.5.254.123,7,7.0,7,7,18627.85714285714,22531.493939436354,6.5
46.53.98.24,1,1.0,1,1,175208.0,0.0,0.0
46.65.248.177,6,6.0,6,6,17653.833333333332,21824.63092395073,10.8
47.22.128.211,1,1.0,1,1,3638.0,0.0,0.0
49.14.115.120,1,1.0,1,1,65748.0,0.0,0.0
49.204.238.249,14,14.0,14,13,14957.857142857143,16635.809984012674,3.3846153846153846
49.206.120.190,5,5.0,5,5,2830.8,5861.521534550564,11.75
49.224.226.115,1,1.0,1,1,175208.0,0.0,0.0
49.230.158.243,1,1.0,1,0,0.0,0.0,0.0
49.50.247.181,1,1.0,1,1,175208.0,0.0,0.0
5.0.46.207,1,1.0,1,1,394967.0,0.0,0.0
5.10.83.105,3,3.0,3,3,1578.6666666666667,1047.588341541339,1793.5
5.10.83.21,4,4.0,4,4,4114.0,6113.652427150238,4805.333333333333
5.10.83.23,5,5.0,5,5,4343.4,4656.186454599945,4507.25
5.10.83.30,1,1.0,1,1,36398.0,0.0,0.0
5.10.83.53,4,4.0,4,4,4747.75,3749.9778110454645,2419.0
5.10.83.65,4,4.0,4,4,29929.5,34680.23797015624,4809.333333333333
5.10.83.66,1,1.0,1,1,11805.0,0.0,0.0
5.10.83.73,1,1.0,1,1,518.0,0.0,0.0
5.10.83.82,4,4.0,4,4,10283.25,7386.743548411573,7203.333333333333
5.10.83.91,5,5.0,5,4,6700962.8,14977755.682622053,4498.75
5.10.83.98,2,2.0,2,2,3396.0,2431.0331137193502,10769.0
5.102.10.173,6,6.0,6,6,13380.5,19439.904945755265,7.6
5.102.173.71,2,2.0,2,2,6146.0,8691.756554345042,7.0
5.102.48.12,2,1.0,2,2,3638.0,0.0,10839.0
5.135.113.131,2,2.0,2,2,31008.0,8854.391114017948,13.0
5.135.214.254,2,2.0,2,2,27237.5,15124.306942799065,5.0
5.144.176.110,2,2.0,2,2,9482.0,0.0,38.0
5.144.176.206,2,2.0,2,2,18848.0,0.0,25.0
5.153.234.2,2,2.0,2,2,23440.0,20494.782945910894,19.0
5.235.199.240,1,1.0,1,1,65748.0,0.0,0.0
5.255.72.168,2,2.0,2,2,23440.0,20494.782945910894,13.0
5.255.75.89,2,2.0,2,2,31008.0,8854.391114017948,14.0
5.39.15.151,2,2.0,2,2,23440.0,20494.782945910894,7.0
5.39.4.211,1,1.0,1,1,1693678.0,0.0,0.0
5.39.50.0,1,1.0,1,1,18848.0,0.0,0.0
5.56.158.218,6,6.0,6,6,13380.5,19439.90494575527,9.4
5.63.5.62,1,1.0,1,1,65748.0,0.0,0.0
5.9.143.150,1,1.0,1,0,292.0,0.0,0.0
50.103.242.61,6,6.0,6,6,14473.166666666666,19550.42057262878,11.6
50.105.149.90,1,1.0,1,1,175208.0,0.0,0.0
50.131.220.143,7,7.0,7,7,14588.142857142857,17854.344293276557,8.833333333333334
50.131.51.216,17,17.0,17,17,14316.35294117647,18494.45325611566,1803.625
50.132.55.62,5,5.0,5,5,20457.0,23161.607640662598,14.5
50.139.66.106,52,52.0,52,52,266975.17307692306,511182.8153174473,71.50980392156863
50.149.129.119,1,1.0,1,1,175208.0,0.0,0.0
50.150.204.184,1,1.0,1,1,65748.0,0.0,0.0
50.152.223.37,2,1.0,2,2,47731.0,0.0,7180.0
50.157.244.41,4,4.0,4,4,5930.75,3144.244623116974,17.0
50.158.157.89,8,8.0,8,7,16299.375,21875.073041102547,514.5714285714286
50.16.19.13,113,28.25,113,113,14872.0,0.0,2668.151785714286
50.177.153.223,1,1.0,1,1,175208.0,0.0,0.0
50.18.71.222,1,1.0,1,1,14872.0,0.0,0.0
50.180.79.170,2,1.0,2,2,3638.0,0.0,28807.0
50.195.216.83,1,1.0,1,1,175208.0,0.0,0.0
50.2.225.180,2,2.0,2,2,31008.0,8854.391114017948,27.0
50.2.225.202,1,1.0,1,1,54306753.0,0.0,0.0
50.58.161.66,3,3.0,3,2,9560.666666666666,13257.417181839506,14.0
50.59.104.212,6,6.0,6,6,14473.166666666666,19550.420572628784,10.2
50.7.50.90,2,2.0,2,2,99918.0,0.0,8.0
50.8.159.176,7,7.0,7,7,11988.714285714286,18124.138395284575,8.5
50.87.144.128,1,1.0,1,0,292.0,0.0,0.0
50.90.110.61,1,1.0,1,1,3638.0,0.0,0.0
50.97.97.54,1,1.0,1,1,1079983.0,0.0,0.0
54.196.174.134,1,1.0,1,1,11902.0,0.0,0.0
54.203.120.42,1,1.0,1,1,16543.0,0.0,0.0
54.204.20.249,1,1.0,1,1,3638.0,0.0,0.0
54.204.20.250,1,1.0,1,1,17147.0,0.0,0.0
54.204.217.52,1,1.0,1,1,6146.0,0.0,0.0
54.211.215.107,1,1.0,1,1,18586.0,0.0,0.0
54.215.118.244,1,1.0,1,1,29941.0,0.0,0.0
54.215.29.126,1,1.0,1,1,14872.0,0.0,0.0
54.215.54.10,1,1.0,1,1,14872.0,0.0,0.0
54.215.96.68,1,1.0,1,1,14872.0,0.0,0.0
54.219.117.220,1,1.0,1,1,29941.0,0.0,0.0
54.219.196.51,2,2.0,2,2,23612.0,12360.226535140851,71970.0
54.219.224.86,1,1.0,1,1,32352.0,0.0,0.0
54.219.246.6,2,1.0,2,2,31146.5,1704.834449440766,28788.0
54.219.33.174,1,1.0,1,1,32352.0,0.0,0.0
54.219.40.115,1,1.0,1,1,29941.0,0.0,0.0
54.219.60.151,1,1.0,1,1,29941.0,0.0,0.0
54.220.160.83,5,1.6666666666666667,5,5,230012.6,108367.45682076331,29707.5
54.221.138.247,1,1.0,1,1,16543.0,0.0,0.0
54.224.92.206,1,1.0,1,1,10975.0,0.0,0.0
54.225.104.196,1,1.0,1,1,6146.0,0.0,0.0
54.225.29.47,1,1.0,1,1,29941.0,0.0,0.0
54.226.176.99,1,1.0,1,1,54239.0,0.0,0.0
54.226.35.19,1,1.0,1,1,37932.0,0.0,0.0
54.227.17.146,1,1.0,1,1,0.0,0.0,0.0
54.234.1.193,1,1.0,1,1,3638.0,0.0,0.0
54.236.213.208,1,1.0,1,1,10975.0,0.0,0.0
54.241.62.89,2,2.0,2,2,31146.5,1704.834449440766,57635.0
54.242.115.144,1,1.0,1,1,54239.0,0.0,0.0
54.242.155.74,1,1.0,1,1,6217.0,0.0,0.0
54.242.167.99,2,2.0,2,2,6146.0,8691.756554345042,20.0
54.242.254.219,2,2.0,2,2,19291.5,627.2037149124676,14373.0
54.244.142.254,1,1.0,1,1,54239.0,0.0,0.0
54.246.137.243,2,2.0,2,2,0.0,0.0,3595.0
54.255.13.204,6,6.0,6,6,14089.0,19469.741970555235,10.4
59.124.251.135,6,6.0,6,6,14189.666666666666,19486.522046447044,6.8
59.124.42.160,5,5.0,5,5,5593.6,4197.474633633895,10.75
59.163.27.11,39,19.5,39,38,62599.666666666664,106582.05598389622,664.4473684210526
59.167.142.22,1,1.0,1,1,10301.0,0.0,0.0
59.252.170.29,1,1.0,1,1,40923996.0,0.0,0.0
59.90.241.113,3,3.0,3,3,19129.333333333332,26831.776410318667,16.5
60.234.195.253,1,1.0,1,1,175208.0,0.0,0.0
60.29.35.14,2,2.0,2,2,23440.0,20494.782945910894,13.0
60.53.124.75,1,1.0,1,1,175208.0,0.0,0.0
61.119.116.21,1,1.0,1,1,37932.0,0.0,0.0
61.12.113.192,6,6.0,6,6,13221.5,19454.484364793636,10.6
61.135.169.84,6,6.0,6,6,13380.5,19439.904945755265,11.0
61.135.190.100,1,1.0,1,1,37932.0,0.0,0.0
61.140.183.41,32,32.0,32,31,73561.3125,114759.77202116954,1.8709677419354838
61.156.217.135,2,2.0,2,2,27237.5,15124.306942799065,39.0
61.16.241.98,6,6.0,6,6,12927.0,19502.01531124412,10.6
61.174.9.96,1,1.0,1,1,38217.0,0.0,0.0
61.246.186.198,6,6.0,6,6,13161.0,19462.07613796637,11.8
62.108.180.233,1,1.0,0,1,0.0,0.0,0.0
62.112.244.2,1,1.0,1,1,47731.0,0.0,0.0
62.12.14.27,6,6.0,6,6,14089.0,19469.741970555235,10.2
62.134.44.20,7,3.5,7,7,18627.85714285714,22531.493939436354,9005.833333333334
62.159.237.82,6,6.0,6,6,13380.5,19439.904945755265,10.8
62.159.77.167,6,6.0,6,6,12917.5,19503.990860846916,5.4
62.161.94.37,1,1.0,1,1,9316.0,0.0,0.0
62.192.67.154,6,6.0,6,6,14473.166666666666,19550.42057262878,5.6
62.210.189.45,1,1.0,1,1,37932.0,0.0,0.0
62.225.70.202,33,33.0,33,32,71442.42424242424,113606.37546068616,1.8125
62.24.122.25,1,1.0,1,0,7861.0,0.0,0.0
62.245.157.217,1,1.0,0,1,0.0,0.0,0.0
62.245.76.5,2,2.0,2,2,26875.0,32862.08054886361,26.0
62.4.19.142,2,2.0,2,2,13322.0,1456.6399692442878,6.0
62.4.23.48,1,1.0,1,1,16543.0,0.0,0.0
62.44.32.116,6,6.0,6,6,14189.666666666666,19486.522046447044,10.6
62.47.98.178,6,6.0,6,6,13964.5,19453.29274698759,9.8
62.50.6.113,6,6.0,6,6,13299.333333333334,19446.37427045635,10.0
62.77.171.249,7,7.0,7,7,18627.85714285714,22531.493939436354,5.666666666666667
62.97.194.235,1,1.0,1,1,175208.0,0.0,0.0
63.140.98.80,8,8.0,8,7,7753.25,6209.815082362989,7.857142857142857
63.141.248.27,1,1.0,1,1,18095.0,0.0,0.0
63.223.125.170,4,2.0,4,4,29122.75,10349.90455269999,15602.333333333334
63.223.125.175,2,2.0,2,2,23440.0,20494.782945910894,19.0
63.249.66.212,2,2.0,2,2,6660.0,9418.662325404814,13.0
64.128.17.78,1,1.0,1,1,9699.0,0.0,0.0
64.131.102.243,8,8.0,7,7,11650.125,17027.113012885402,4.285714285714286
64.134.102.242,6,6.0,6,6,13380.5,19439.904945755265,5.2
64.237.35.242,4,2.0,4,4,2278.0,972.2578533153298,22805.0
64.237.51.169,6,6.0,6,6,14189.666666666666,19486.522046447044,10.8
64.80.110.74,6,6.0,6,6,13394.333333333334,19439.004971105558,11.2
65.172.240.122,6,6.0,6,6,12956.166666666666,19496.122316159865,7.0
65.19.138.33,5,1.6666666666666667,5,5,29237.4,8077.130325802599,37803.75
65.19.138.34,3,1.0,3,3,22941.666666666668,12994.715092426357,48594.5
65.52.104.233,5,5.0,5,5,15065.6,21124.849130822215,13.75
65.55.213.73,60,30.0,60,46,14328.45,13046.410295848704,244.4915254237288
65.55.213.74,29,14.5,29,21,11549.793103448275,11074.645055193514,901.3571428571429
65.55.213.79,7,7.0,7,5,17269.85714285714,15042.018630363096,8.5
65.55.215.237,3,3.0,3,3,8292.333333333334,9459.31294192836,21.5
65.55.215.241,3,3.0,3,3,5154.333333333333,4284.736786937248,15.0
65.55.215.37,4,2.0,4,4,28369.75,33574.181572303445,7208.0
65.55.52.111,1,1.0,1,1,10049.0,0.0,0.0
65.55.52.94,1,1.0,1,1,15457.0,0.0,0.0
66.147.242.187,1,1.0,1,1,149691.0,0.0,0.0
66.147.244.126,1,1.0,1,0,299.0,0.0,0.0
66.162.222.50,12,12.0,12,12,14189.666666666666,18579.669765796716,332.0
66.168.50.129,1,1.0,1,1,37269.0,0.0,0.0
66.169.220.99,1,1.0,1,1,3638.0,0.0,0.0
66.187.233.202,6,6.0,6,6,17653.833333333332,21824.63092395073,6.8
66.211.105.190,6,6.0,6,6,14473.166666666666,19550.42057262878,3.8
66.249.73.135,482,120.5,482,420,156640.09751037345,2533823.472147773,621.2952182952183
66.249.73.185,56,14.0,56,33,416742.96428571426,3055035.897717763,5433.545454545455
66.249.74.55,1,1.0,1,1,8726.0,0.0,0.0
66.249.80.128,2,1.0,2,2,19735.0,0.0,32419.0
66.249.80.24,1,1.0,1,1,1693678.0,0.0,0.0
66.249.81.20,4,2.0,4,4,857231.5,965946.6908456525,25205.0
66.249.81.91,13,4.333333333333333,13,13,28247.0,25925.775571812697,12303.666666666666
66.249.83.223,2,2.0,2,2,20785.0,24249.51995401146,32.0
66.249.83.239,2,2.0,2,2,20785.0,24249.51995401146,13.0
66.249.84.55,2,2.0,2,2,20785.0,24249.51995401146,27.0
66.249.84.69,1,1.0,1,1,175208.0,0.0,0.0
66.249.85.135,2,2.0,2,2,20785.0,24249.51995401146,19.0
66.249.88.135,2,2.0,2,2,20785.0,24249.51995401146,12.0
66.249.93.91,2,2.0,2,2,20785.0,24249.51995401146,6.0
66.49.182.146,1,1.0,1,1,175208.0,0.0,0.0
66.6.147.80,12,12.0,12,12,16511.75,17385.14445844236,3.909090909090909
67.170.98.63,9,9.0,9,9,12105.777777777777,16622.156988322677,452.0
67.171.28.123,1,1.0,1,1,30438.0,0.0,0.0
67.214.178.190,2,2.0,2,2,23440.0,20494.782945910894,30.0
67.215.172.14,1,1.0,1,0,7861.0,0.0,0.0
67.220.144.164,2,2.0,2,2,23440.0,20494.782945910894,12.0
67.220.144.166,2,2.0,2,2,31008.0,8854.391114017948,15.0
67.220.144.226,2,2.0,2,2,29361.0,35182.80500471786,7.0
67.220.144.83,2,2.0,2,2,31008.0,8854.391114017948,22.0
67.225.29.201,1,1.0,1,1,5052.0,0.0,0.0
67.233.210.41,5,5.0,5,5,15065.6,21124.849130822215,899.75
67.244.81.209,7,7.0,7,7,18627.85714285714,22531.493939436354,607.5
67.253.133.120,6,6.0,6,6,14189.666666666666,19486.522046447044,728.4
67.61.162.49,6,6.0,6,6,13380.5,19439.90494575527,9.2
67.61.65.249,38,38.0,38,38,114956.05263157895,244619.7284357849,1.4864864864864864
68.115.79.126,1,1.0,1,1,175208.0,0.0,0.0
68.120.89.142,3,3.0,3,3,175208.0,0.0,17.5
68.13.110.158,6,6.0,6,6,14473.166666666666,19550.420572628784,7.8
68.14.231.140,3,3.0,3,3,139031.0,158136.2387310385,8984.0
68.151.4.139,6,6.0,6,6,14089.0,19469.741970555235,9.0
68.174.223.12,6,6.0,6,6,13048.666666666666,19479.154649693264,10.8
68.180.224.225,99,24.75,99,95,1698312.0505050505,9279182.449039161,2975.734693877551
68.180.224.235,7,7.0,7,5,12709.42857142857,20965.54163269771,10807.5
68.183.65.140,6,6.0,6,6,13572.166666666666,19432.694382577694,9.2
68.184.202.186,6,6.0,6,6,13122.666666666666,19467.468666127774,11.2
68.189.165.19,1,1.0,1,1,175208.0,0.0,0.0
68.193.198.76,1,1.0,1,1,3638.0,0.0,0.0
68.4.202.231,10,5.0,10,10,9306.4,15312.390576116963,10800.666666666666
68.40.205.212,1,1.0,1,1,3638.0,0.0,0.0
68.65.254.140,2,2.0,2,2,50112.0,0.0,3594.0
68.8.191.88,1,1.0,1,1,5052.0,0.0,0.0
68.87.42.115,1,1.0,1,1,47731.0,0.0,0.0
68.88.73.113,6,6.0,6,6,26875.0,25454.858137495088,718.0
68.97.23.170,1,1.0,1,1,3638.0,0.0,0.0
69.115.24.125,2,2.0,2,2,26875.0,32862.08054886361,15.0
69.143.198.134,1,1.0,1,1,175208.0,0.0,0.0
69.160.56.236,4,2.0,4,4,9482.0,0.0,9612.666666666666
69.165.204.172,2,2.0,2,2,175208.0,0.0,18005.0
69.167.130.5,9,9.0,9,9,16678.555555555555,16034.797871435043,6.125
69.167.81.126,2,2.0,2,2,23440.0,20494.782945910894,11.0
69.171.237.10,1,1.0,1,0,364.0,0.0,0.0
69.171.237.9,1,1.0,1,0,364.0,0.0,0.0
69.171.248.3,1,1.0,1,1,175208.0,0.0,0.0
69.171.248.4,1,1.0,1,1,175208.0,0.0,0.0
69.175.14.228,1,1.0,1,1,54306753.0,0.0,0.0
69.175.14.230,1,1.0,1,0,296.0,0.0,0.0
69.175.87.242,1,1.0,1,0,296.0,0.0,0.0
69.181.104.228,6,6.0,6,6,13380.5,19439.904945755265,10.4
69.234.185.154,6,6.0,6,6,14473.166666666666,19550.42057262878,9.4
69.26.164.70,2,2.0,2,2,29361.0,35182.80500471786,46.0
69.50.176.67,1,1.0,1,1,175208.0,0.0,0.0
69.63.23.193,1,1.0,1,1,3638.0,0.0,0.0
69.85.215.56,6,6.0,6,6,14473.166666666666,19550.420572628784,10.0
70.109.45.64,6,6.0,6,6,13380.5,19439.904945755265,718.6
70.112.152.59,6,6.0,6,6,14473.166666666666,19550.42057262878,8.2
70.127.254.161,6,6.0,6,6,13380.5,19439.904945755265,7.4
70.177.214.34,1,1.0,1,1,175208.0,0.0,0.0
70.182.103.221,6,6.0,6,6,12927.0,19502.01531124412,8.2
70.186.197.197,6,6.0,6,6,13380.5,19439.904945755265,6.0
70.190.77.28,2,2.0,2,2,14192.5,14926.317044066831,3.0
70.193.72.87,1,1.0,1,1,6443283.0,0.0,0.0
70.197.6.64,1,1.0,1,1,18848.0,0.0,0.0
70.210.13.207,2,2.0,2,2,175208.0,0.0,26.0
70.42.255.243,1,1.0,1,1,3638.0,0.0,0.0
70.83.251.183,22,22.0,22,10,5884.136363636364,11560.280773058588,2.4761904761904763
71.171.122.192,1,1.0,1,1,175208.0,0.0,0.0
71.191.158.163,6,6.0,6,6,13380.5,19439.904945755265,9.2
71.207.12.53,2,1.0,2,2,3638.0,0.0,18.0
71.207.215.148,6,6.0,6,6,13380.5,19439.904945755265,10.6
71.212.224.97,5,5.0,5,5,15329.0,21069.230847375515,5.75
71.229.217.245,1,1.0,1,1,430406.0,0.0,0.0
71.33.204.157,6,6.0,6,6,14473.166666666666,19550.42057262878,9.6
71.59.185.163,1,1.0,1,1,3638.0,0.0,0.0
71.59.29.242,2,2.0,2,2,26875.0,32862.08054886361,22.0
71.9.98.194,6,6.0,6,6,13380.5,19439.904945755265,9.6
72.167.232.223,1,1.0,1,1,1168622.0,0.0,0.0
72.174.22.174,6,6.0,6,6,13380.5,19439.90494575527,8.2
72.177.92.9,1,1.0,1,1,175208.0,0.0,0.0
72.182.137.233,1,1.0,1,1,175208.0,0.0,0.0
72.182.73.81,1,1.0,1,1,175208.0,0.0,0.0
72.199.66.220,6,6.0,6,6,14473.166666666666,19550.42057262878,9.6
72.215.249.101,6,6.0,6,6,14473.166666666666,19550.42057262878,10.8
72.223.76.198,18,18.0,18,18,15014.666666666666,34908.59351304237,3.176470588235294
72.4.104.94,6,6.0,6,6,13167.333333333334,19461.228662822567,11.6
72.54.172.193,6,6.0,6,6,13380.5,19439.904945755265,10.6
72.76.128.176,7,7.0,7,7,13225.0,17750.892428269624,7.333333333333333
72.9.0.86,6,6.0,6,6,14473.166666666666,19550.420572628784,10.4
74.105.15.185,5,5.0,5,5,16640.2,21036.95390735075,11.0
74.125.176.144,9,2.25,9,9,29941.0,0.0,19347.875
74.125.176.145,4,2.0,4,4,29941.0,0.0,21603.333333333332
74.125.176.146,9,2.25,9,9,29941.0,0.0,32853.125
74.125.176.147,2,2.0,2,2,29941.0,0.0,28819.0
74.125.176.148,6,2.0,6,6,29941.0,0.0,18718.2
74.125.176.149,6,1.5,6,6,29941.0,0.0,49680.2
74.125.176.150,10,3.3333333333333335,10,10,29941.0,0.0,16399.777777777777
74.125.176.151,8,2.0,8,8,29941.0,0.0,34972.142857142855
74.125.176.80,1,1.0,1,1,29941.0,0.0,0.0
74.125.176.81,1,1.0,1,1,29941.0,0.0,0.0
74.125.176.82,3,3.0,3,3,29941.0,0.0,35997.5
74.125.176.83,2,1.0,2,2,29941.0,0.0,25186.0
74.125.176.84,3,1.5,3,3,29941.0,0.0,64802.5
74.125.19.208,1,1.0,1,1,29941.0,0.0,0.0
74.125.19.215,1,1.0,1,1,29941.0,0.0,0.0
74.125.19.80,5,1.6666666666666667,5,5,29941.0,0.0,44097.0
74.125.19.81,3,1.0,3,3,29941.0,0.0,23388.5
74.125.19.82,11,2.75,11,11,29941.0,0.0,19084.7
74.125.19.83,3,1.0,3,3,29941.0,0.0,14392.5
74.125.19.84,2,1.0,2,2,29941.0,0.0,25210.0
74.125.40.16,2,1.0,2,2,29941.0,0.0,28834.0
74.125.40.17,3,1.5,3,3,29941.0,0.0,50385.5
74.125.40.18,1,1.0,1,1,29941.0,0.0,0.0
74.125.40.19,3,1.5,3,3,29941.0,0.0,52205.0
74.125.40.20,2,1.0,2,2,29941.0,0.0,14389.0
74.125.40.21,3,3.0,3,3,29941.0,0.0,21591.5
74.125.40.22,3,1.0,3,3,29941.0,0.0,21604.5
74.125.40.23,1,1.0,1,1,29941.0,0.0,0.0
74.207.228.17,2,2.0,2,2,3638.0,0.0,35991.0
74.208.16.115,1,1.0,1,0,7861.0,0.0,0.0
74.208.172.133,1,1.0,1,0,0.0,0.0,0.0
74.208.180.23,1,1.0,1,0,364.0,0.0,0.0
74.218.234.48,6,6.0,6,6,14473.166666666666,19550.420572628784,7.8
74.221.220.196,2,2.0,2,2,23440.0,20494.782945910894,6.0
74.76.53.142,6,6.0,6,6,13380.5,19439.90494575527,11.2
74.80.168.244,2,2.0,2,2,29361.0,35182.80500471786,28.0
74.93.1.97,1,1.0,0,1,0.0,0.0,0.0
75.127.15.68,1,1.0,1,1,54306753.0,0.0,0.0
75.132.156.143,6,6.0,6,6,13380.5,19439.904945755265,10.2
75.134.169.174,6,6.0,6,6,13380.5,19439.904945755265,726.6
75.144.62.181,11,11.0,11,11,14903.272727272728,19151.958511290217,2524.2
75.161.167.75,6,6.0,6,6,17398.166666666668,21546.786873375495,7.6
75.67.42.229,7,7.0,7,6,12205.57142857143,18547.063252324187,608.0
75.93.220.113,1,1.0,1,1,175208.0,0.0,0.0
75.97.9.59,273,91.0,273,93,62785.179487179485,249048.9150693373,476.6875
76.103.82.13,6,6.0,6,6,13380.5,19439.90494575527,5.8
76.115.204.132,6,6.0,6,6,14473.166666666666,19550.420572628784,9.0
76.14.236.249,6,6.0,6,6,13161.0,19462.07613796637,5.4
76.164.234.106,2,2.0,2,1,19114.5,26611.963709955715,10.0
76.167.133.189,6,6.0,6,6,13380.5,19439.904945755265,6.6
76.176.53.173,7,7.0,7,7,18627.85714285714,22531.493939436354,8.666666666666666
76.2.185.161,7,7.0,7,7,18627.85714285714,22531.493939436354,9.5
76.203.196.208,1,1.0,1,1,66717.0,0.0,0.0
76.21.44.161,1,1.0,1,1,2269.0,0.0,0.0
77.0.42.68,6,3.0,6,6,13380.5,19439.904945755265,721.6
77.1.77.21,6,6.0,6,6,14189.666666666666,19486.522046447044,10.0
77.11.205.74,6,6.0,6,6,13380.5,19439.904945755265,718.4
77.125.123.137,2,2.0,2,2,9954.0,41.012193308819754,3597.0
77.175.189.215,6,6.0,6,6,13380.5,19439.904945755265,9.6
77.175.4.43,6,6.0,6,6,13380.5,19439.90494575527,8.6
77.185.166.237,1,1.0,1,1,3638.0,0.0,0.0
77.230.140.4,2,2.0,2,2,26875.0,32862.08054886361,33.0
77.231.200.120,1,1.0,1,1,29941.0,0.0,0.0
77.234.68.135,2,2.0,2,2,3638.0,0.0,7200.0
77.240.31.230,6,6.0,6,6,14473.166666666666,19550.420572628784,9.4
77.241.193.88,10,10.0,10,10,10278.8,15032.070832427284,6.333333333333333
77.248.77.178,6,6.0,6,6,14089.0,19469.741970555235,6.6
78.128.48.215,2,2.0,2,2,31008.0,8854.391114017948,19.0
78.134.38.242,1,1.0,1,1,47731.0,0.0,0.0
78.145.242.171,6,6.0,6,6,13006.666666666666,19486.534188168676,10.4
78.157.154.210,17,17.0,17,17,11502.117647058823,34979.061347258794,3.4375
78.157.30.184,1,1.0,1,1,175208.0,0.0,0.0
78.166.243.242,1,1.0,1,1,65748.0,0.0,0.0
78.171.202.100,9,9.0,9,9,15603.222222222223,17391.189815376187,1806.625
78.173.140.106,3,3.0,0,0,7861.0,0.0,3602.0
78.19.193.147,6,6.0,6,6,13380.5,19439.904945755265,10.0
78.193.126.4,7,7.0,7,7,18627.85714285714,22531.493939436354,7.666666666666667
78.231.138.213,2,2.0,2,2,26875.0,32862.08054886361,7.0
78.26.132.172,2,2.0,2,2,26875.0,32862.08054886361,3.0
78.46.140.200,2,2.0,2,2,27158226.0,38393815.08185215,12.0
78.47.134.185,1,1.0,1,1,25606.0,0.0,0.0
78.49.133.207,7,7.0,7,7,18627.85714285714,22531.493939436354,9.833333333333334
78.57.150.9,2,2.0,2,2,27158226.0,38393815.08185215,35.0
78.6.176.46,6,6.0,6,6,14473.166666666666,19550.42057262878,9.4
78.73.74.252,1,1.0,1,1,36159.0,0.0,0.0
78.97.239.35,6,6.0,6,6,14473.166666666666,19550.420572628784,9.8
79.101.87.86,16,16.0,16,16,12197.6875,13401.759166710168,242.0
79.103.41.39,12,12.0,12,12,15812.416666666666,41350.36976960827,329.54545454545456
79.114.119.129,1,1.0,1,1,37932.0,0.0,0.0
79.114.20.37,2,2.0,2,2,18848.0,0.0,8.0
79.116.60.76,1,1.0,1,1,1693678.0,0.0,0.0
79.118.91.108,2,2.0,2,2,3638.0,0.0,26.0
79.148.255.215,2,2.0,0,2,0.0,0.0,18045.0
79.164.36.106,2,2.0,2,2,26875.0,32862.08054886361,12.0
79.170.40.34,2,2.0,2,2,1079983.0,0.0,39610.0
79.171.127.34,33,33.0,33,32,71442.42424242424,113606.37546068616,114.15625
79.176.36.151,7,7.0,7,7,12729.714285714286,18433.47961106173,7.5
79.185.184.23,6,6.0,6,6,13380.5,19439.90494575527,6.6
79.191.201.108,6,6.0,6,6,14473.166666666666,19550.420572628784,7.4
79.197.82.119,6,6.0,6,6,12965.833333333334,19494.226585496195,10.0
79.215.79.185,1,1.0,1,1,12292.0,0.0,0.0
79.224.95.124,2,2.0,2,2,26875.0,32862.08054886361,18.0
79.235.40.176,2,2.0,2,2,26875.0,32862.08054886361,20.0
79.35.84.239,6,6.0,6,6,13380.5,19439.904945755265,10.2
79.83.255.199,6,6.0,6,6,13100.666666666666,19470.767346631892,8.2
79.84.40.134,18,18.0,18,18,22898.333333333332,46382.01439960004,213.64705882352942
8.35.201.49,2,2.0,2,2,5511.5,897.3185053257288,20.0
8.35.201.52,1,1.0,1,1,52315.0,0.0,0.0
8.35.201.53,2,2.0,2,2,26875.0,32862.08054886361,19.0
8.35.201.54,1,1.0,1,1,1015.0,0.0,0.0
8.35.201.55,1,1.0,1,1,12292.0,0.0,0.0
8.8.178.123,2,1.0,2,2,2278.0,1190.767819518146,21584.0
80.108.184.97,3,3.0,3,3,512661.3333333333,584353.1463595737,24.0
80.108.25.232,33,33.0,33,32,71442.42424242424,113606.37546068615,114.1875
80.118.116.26,7,7.0,7,7,18002.0,20186.196917696012,9.333333333333334
80.123.167.213,2,2.0,2,2,3638.0,0.0,9.0
80.130.134.87,2,2.0,2,2,26875.0,32862.08054886361,13.0
80.133.249.216,6,6.0,6,6,13380.5,19439.90494575527,4.0
80.153.191.173,6,6.0,6,6,16413.166666666668,18829.634945124842,10.0
80.156.209.18,6,6.0,6,6,17311.0,21455.41534438334,10.8
80.160.68.134,9,9.0,9,9,17219.88888888889,19711.84325123125,455.625
80.187.96.71,4,4.0,4,4,847748.5,958043.8569715898,5.0
80.237.234.150,4,2.0,4,4,3638.0,0.0,27604.666666666668
80.239.169.204,6,6.0,6,6,13048.666666666666,19479.154649693264,8.2
80.241.254.122,1,1.0,1,1,65748.0,0.0,0.0
80.252.78.170,6,6.0,6,6,12858.166666666666,19516.95264549942,11.8
80.254.147.68,1,1.0,1,1,3638.0,0.0,0.0
80.254.166.203,2,2.0,2,2,601417.5,802148.2965390502,5.0
80.28.130.108,6,6.0,6,6,14473.166666666666,19550.42057262878,7.4
80.32.77.152,9,9.0,9,8,11367.555555555555,16730.98791248675,6.625
80.48.102.35,6,6.0,6,6,14473.166666666666,19550.42057262878,4.6
80.57.170.121,6,6.0,6,6,13964.5,19453.29274698759,8.2
80.89.192.53,4,4.0,4,4,17074.0,22516.921474008534,2391.6666666666665
80.94.240.100,1,1.0,1,1,175208.0,0.0,0.0
81.130.81.254,2,2.0,2,2,14192.5,14926.317044066831,18.0
81.136.131.79,2,2.0,2,2,14192.5,14926.317044066831,28.0
81.142.35.154,6,6.0,6,6,27140.5,27475.973218432136,9.8
81.154.31.181,5,5.0,5,5,16640.2,21036.95390735075,8.25
81.157.147.252,6,6.0,6,6,14473.166666666666,19550.420572628784,7.2
81.169.144.135,1,1.0,1,0,292.0,0.0,0.0
81.169.149.220,1,1.0,1,1,3638.0,0.0,0.0
81.170.148.153,6,6.0,6,6,20831.0,23739.286063401316,9.2
81.187.167.236,8,4.0,8,8,16754.125,21522.805694940027,3607.285714285714
81.190.174.219,19,19.0,19,19,5852.736842105263,4531.485332182978,401.6111111111111
81.198.20.11,14,3.5,7,14,18968.0,19684.023853798873,18004.23076923077
81.210.53.2,6,6.0,6,6,13100.666666666666,19470.767346631892,10.2
81.220.24.207,6,6.0,6,6,14189.666666666666,19486.522046447044,7.8
81.34.53.43,7,7.0,7,7,14588.142857142857,17854.344293276557,9.0
81.52.143.26,1,1.0,1,1,20572.0,0.0,0.0
81.52.143.33,2,2.0,2,2,4396.5,6217.589926973313,21.0
81.52.143.34,1,1.0,1,1,8810.0,0.0,0.0
81.56.9.191,2,2.0,2,2,14192.5,14926.317044066831,7.0
81.61.214.106,6,6.0,6,6,14473.166666666666,19550.420572628784,9.2
81.82.116.247,1,1.0,1,1,1079983.0,0.0,0.0
82.127.237.118,1,1.0,1,1,2804.0,0.0,0.0
82.130.48.164,6,6.0,6,6,13380.5,19439.904945755265,9.0
82.130.49.223,6,6.0,6,6,13380.5,19439.904945755265,6.2
82.135.32.98,7,7.0,7,7,20673.428571428572,26658.952610440538,8.0
82.136.45.164,5,5.0,5,5,15251.0,21084.001600739837,9.75
82.145.208.98,6,6.0,6,6,13161.0,19462.07613796637,9.0
82.145.219.13,6,6.0,6,6,17654.5,21825.37428545041,7.2
82.165.139.53,5,1.6666666666666667,5,5,12292.0,0.0,27003.0
82.178.75.63,1,1.0,1,1,65748.0,0.0,0.0
82.181.180.138,7,7.0,7,7,18002.0,20186.196917696012,5.166666666666667
82.181.39.216,1,1.0,1,1,3638.0,0.0,0.0
82.193.99.33,3,3.0,3,3,17147.0,0.0,26.0
82.200.166.110,1,1.0,1,1,65259653.0,0.0,0.0
82.209.214.162,1,1.0,1,1,1275832.0,0.0,0.0
82.225.159.87,1,1.0,1,1,3638.0,0.0,0.0
82.233.80.245,6,6.0,6,6,13380.5,19439.904945755265,6.8
82.24.16.46,1,1.0,1,1,47731.0,0.0,0.0
82.247.137.135,6,6.0,6,6,17653.833333333332,21824.630923950735,9.0
82.38.225.83,1,1.0,1,1,103044.0,0.0,0.0
82.60.18.23,2,2.0,2,2,26875.0,32862.08054886361,1.0
82.80.14.189,29,29.0,29,29,125469.75862068965,291857.2366928313,2.107142857142857
82.80.23.217,1,1.0,1,1,3638.0,0.0,0.0
82.98.148.169,2,2.0,2,2,75268.0,27987.28639936355,31.0
83.10.253.20,1,1.0,1,1,37269.0,0.0,0.0
83.105.90.45,6,6.0,6,6,13380.5,19439.904945755265,10.4
83.115.137.249,2,2.0,2,2,89423.0,121318.31044817597,55.0
83.139.110.254,1,1.0,1,1,3638.0,0.0,0.0
83.149.9.216,23,23.0,23,23,190411.04347826086,321929.4019889339,2.6818181818181817
83.161.149.61,2,2.0,2,2,89423.0,121318.31044817597,3.0
83.175.127.2,6,6.0,6,6,14473.166666666666,19550.420572628784,9.0
83.206.120.18,6,6.0,6,6,13473.666666666666,19434.98381441741,10.0
83.216.183.22,2,1.0,2,2,3638.0,0.0,7198.0
83.221.67.237,7,7.0,7,7,11629.714285714286,18195.37186314408,7.833333333333333
83.222.46.173,1,1.0,1,1,47731.0,0.0,0.0
83.25.215.235,1,1.0,1,1,3638.0,0.0,0.0
83.252.13.79,2,1.0,2,2,3638.0,0.0,28821.0
83.253.123.163,7,7.0,7,7,18627.85714285714,22531.493939436354,1209.1666666666667
83.31.36.250,4,2.0,4,4,26875.0,26831.776410318667,22800.0
83.31.73.148,2,2.0,2,2,26875.0,32862.08054886361,33.0
83.42.229.238,18,18.0,18,18,188388.55555555556,379770.2812266481,3.2941176470588234
83.61.80.53,26,26.0,26,25,13353.807692307691,30300.359667857712,145.96
83.69.235.12,6,6.0,6,6,12961.833333333334,19495.007560056667,5.6
84.112.29.184,6,6.0,6,6,13380.5,19439.90494575527,5.2
84.121.6.23,5,5.0,5,5,15065.6,21124.849130822215,6.5
84.137.208.44,9,9.0,9,5,8655.666666666666,16869.538605130845,454.125
84.198.71.68,1,1.0,1,1,30438.0,0.0,0.0
84.215.206.35,2,2.0,2,2,26875.0,32862.08054886361,14.0
84.233.151.236,6,6.0,6,6,13211.0,19455.721204828158,9.4
84.46.60.57,6,6.0,6,6,14473.166666666666,19550.420572628784,7.2
84.52.150.17,7,7.0,7,7,18627.85714285714,22531.493939436354,8.333333333333334
84.58.19.108,2,2.0,2,2,26875.0,32862.08054886361,1.0
84.60.79.43,6,6.0,6,6,12904.833333333334,19506.667797619015,7.0
84.75.200.115,7,7.0,7,7,18002.0,20186.196917696012,5.5
84.85.130.133,12,6.0,12,12,17253.333333333332,21005.193670888042,5889.363636363636
84.95.88.100,1,1.0,1,1,37932.0,0.0,0.0
85.11.191.105,1,1.0,1,1,3638.0,0.0,0.0
85.115.58.180,33,33.0,33,32,71442.42424242424,113606.37546068616,114.25
85.168.225.197,9,9.0,9,9,111140.44444444444,295499.0676677809,5.5
85.170.84.143,5,5.0,5,5,14880.4,21173.67926931926,6.25
85.19.71.167,1,1.0,1,0,292.0,0.0,0.0
85.216.186.139,6,6.0,6,6,13211.0,19455.721204828158,6.4
85.224.97.187,2,1.0,2,2,18848.0,0.0,43182.0
85.246.85.57,1,1.0,1,1,3638.0,0.0,0.0
85.248.108.8,6,6.0,6,6,13380.5,19439.90494575527,6.4
85.254.143.114,6,3.0,6,6,26875.0,25454.858137495088,15838.0
85.28.124.249,6,6.0,6,6,14473.166666666666,19550.42057262878,11.8
85.43.182.12,9,9.0,9,8,122578.22222222222,207168.24635714432,5.0
85.76.162.29,1,1.0,1,1,175208.0,0.0,0.0
85.89.160.218,7,7.0,7,7,20673.428571428572,26658.952610440538,8.833333333333334
86.1.76.62,6,6.0,6,6,13380.5,19439.904945755265,6.6
86.101.235.77,1,1.0,1,1,47731.0,0.0,0.0
86.101.250.29,1,1.0,1,1,47731.0,0.0,0.0
86.103.158.181,1,1.0,1,1,3638.0,0.0,0.0
86.130.160.107,9,9.0,9,8,15891.777777777777,20473.334863779382,453.875
86.166.162.41,2,2.0,2,2,26875.0,32862.08054886361,32.0
86.180.53.110,1,1.0,1,1,25683.0,0.0,0.0
86.182.52.145,6,6.0,6,6,14473.166666666666,19550.42057262878,8.6
86.185.215.203,1,1.0,1,1,15945.0,0.0,0.0
86.19.216.99,2,2.0,2,2,358299.0,51856.38290509665,18.0
86.220.101.19,2,2.0,2,2,31008.0,8854.391114017948,15.0
86.28.207.22,4,4.0,4,2,10547.5,18323.61786511241,15.0
86.43.205.189,1,1.0,1,0,339.0,0.0,0.0
86.56.94.63,6,6.0,6,6,12927.0,19502.015311244115,9.2
86.76.247.183,50,50.0,50,50,276241.78,519323.58043891034,74.26530612244898
86.9.201.133,2,2.0,2,2,7307.0,5188.749560346886,11.0
86.96.42.185,2,1.0,2,2,17310.5,9577.761351171786,10762.0
87.109.78.50,1,1.0,1,1,175208.0,0.0,0.0
87.158.133.11,2,2.0,2,2,26875.0,32862.08054886361,2.0
87.169.99.232,1,1.0,1,1,24747.0,0.0,0.0
87.175.104.247,1,1.0,1,1,3638.0,0.0,0.0
87.179.0.125,1,1.0,1,1,3638.0,0.0,0.0
87.182.248.236,6,6.0,6,6,13380.5,19439.904945755265,10.0
87.216.109.88,6,6.0,6,6,13100.666666666666,19470.767346631892,10.2
87.219.103.122,2,2.0,2,2,26875.0,32862.08054886361,15.0
87.6.86.34,6,6.0,6,6,13380.5,19439.90494575527,9.8
87.64.176.135,5,5.0,5,5,15125.6,21110.747518740307,11.75
88.103.19.195,23,23.0,23,22,52445.260869565216,184845.63339771263,329.40909090909093
88.112.19.251,11,11.0,11,11,12063.272727272728,15190.918103201722,2884.0
88.115.211.201,1,1.0,1,1,3638.0,0.0,0.0
88.120.89.50,29,29.0,29,27,8840.310344827587,15272.03923866715,258.92857142857144
88.134.8.254,1,1.0,1,1,3638.0,0.0,0.0
88.152.28.187,1,1.0,1,1,3638.0,0.0,0.0
88.159.158.68,1,1.0,1,1,18848.0,0.0,0.0
88.162.202.146,1,1.0,1,1,175208.0,0.0,0.0
88.172.188.129,2,2.0,2,2,26875.0,32862.08054886361,25.0
88.184.51.134,7,7.0,7,7,18627.85714285714,22531.493939436354,1207.5
88.196.179.78,6,2.0,6,6,11383.666666666666,18972.931051017567,29519.0
88.198.156.152,1,1.0,1,1,18586.0,0.0,0.0
88.198.255.242,4,2.0,4,4,27158226.0,31348418.743103646,6009.666666666667
88.210.182.128,6,6.0,6,6,12998.666666666666,19488.00107416527,9.8
88.218.141.221,6,6.0,6,6,14189.666666666666,19486.522046447044,9.6
88.234.222.56,1,1.0,1,1,65748.0,0.0,0.0
88.3.37.62,33,33.0,33,32,71442.42424242424,113606.37546068615,1.8125
88.61.50.114,1,1.0,1,1,65748.0,0.0,0.0
88.8.30.135,3,3.0,2,3,13856.666666666666,20929.0472151346,24.0
88.80.20.186,2,2.0,2,2,18729.0,0.0,18.0
89.100.113.231,1,1.0,1,1,1168622.0,0.0,0.0
89.107.177.18,37,37.0,37,35,239910.62162162163,1053735.2921309494,1.5555555555555556
89.107.180.34,1,1.0,1,0,364.0,0.0,0.0
89.121.200.106,6,6.0,6,6,13380.5,19439.904945755265,7.8
89.136.142.105,4,2.0,4,4,3638.0,0.0,8401.666666666666
89.156.153.83,6,6.0,6,6,14473.166666666666,19550.42057262878,8.8
89.170.74.95,2,1.0,0,2,0.0,0.0,53989.0
89.176.234.221,1,1.0,1,1,3638.0,0.0,0.0
89.182.254.89,1,1.0,1,1,3638.0,0.0,0.0
89.191.52.88,7,7.0,7,7,18627.85714285714,22531.493939436354,604.6666666666666
89.2.87.1,18,18.0,18,18,188388.55555555556,379770.2812266481,3.235294117647059
89.212.62.88,6,6.0,6,6,13211.0,19455.721204828158,9.2
89.216.30.194,7,7.0,7,7,14588.142857142857,17854.344293276557,9.166666666666666
89.218.93.74,12,12.0,12,12,10281.75,16979.560611752644,330.6363636363636
89.238.233.38,7,7.0,7,7,22166.85714285714,29385.595334157468,603.1666666666666
89.238.251.138,6,6.0,6,6,13964.5,19453.29274698759,7.4
89.250.16.2,6,6.0,6,6,12987.833333333334,19490.01871129596,9.4
89.44.18.87,2,2.0,2,2,11388.0,0.0,51.0
89.68.134.81,8,8.0,8,8,22563.375,23644.250765627086,1031.7142857142858
90.1.43.248,4,4.0,4,4,233068.25,443332.6282791699,13.666666666666666
90.175.31.133,2,2.0,2,1,1973.0,2354.6655813512034,5.0
90.220.199.149,6,6.0,6,6,12998.666666666666,19488.00107416527,723.8
91.114.206.13,7,7.0,7,7,22166.85714285714,29385.595334157468,7.5
91.144.171.126,1,1.0,1,1,3638.0,0.0,0.0
91.151.182.109,6,6.0,6,6,13380.5,19439.904945755265,10.0
91.177.205.119,6,6.0,6,6,13161.0,19462.07613796637,6.4
91.179.36.136,6,6.0,6,6,13380.5,19439.904945755265,10.4
91.180.146.16,6,6.0,6,6,13380.5,19439.904945755265,8.6
91.183.139.98,6,6.0,6,6,14473.166666666666,19550.420572628784,8.6
91.191.197.87,1,1.0,1,1,65748.0,0.0,0.0
91.204.25.44,7,7.0,7,6,11517.42857142857,18417.9848595256,9.333333333333334
91.207.5.54,1,1.0,1,1,20572.0,0.0,0.0
91.207.7.78,1,1.0,1,1,50112.0,0.0,0.0
91.207.8.61,2,2.0,2,2,18729.0,0.0,17.0
91.213.10.2,6,6.0,6,6,13380.5,19439.90494575527,1438.6
91.217.86.20,1,1.0,1,1,47731.0,0.0,0.0
91.220.39.15,6,6.0,6,6,13161.0,19462.07613796637,720.6
91.221.131.30,19,19.0,19,19,22743.36842105263,34494.524675358945,2.7777777777777777
91.231.179.253,6,6.0,6,6,12884.5,19511.067390073767,10.8
91.232.96.8,5,5.0,5,5,53270.0,0.0,7.5
91.236.74.121,1,1.0,0,1,12292.0,0.0,0.0
91.236.74.5,1,1.0,1,1,6100.0,0.0,0.0
91.236.75.25,9,4.5,1,1,4214.666666666667,12644.0,454.25
91.236.75.26,1,1.0,1,1,9799.0,0.0,0.0
91.68.55.56,6,6.0,6,6,13483.333333333334,19434.62658932933,9.6
91.9.25.91,3,1.5,3,3,34620.666666666664,26831.776410318667,5415.0
91.99.29.38,6,6.0,6,6,13380.5,19439.904945755265,8.6
92.100.97.83,2,2.0,2,2,26875.0,32862.08054886361,52.0
92.108.120.46,2,2.0,2,2,14192.5,14926.317044066831,31.0
92.115.179.247,6,6.0,6,6,12748.5,19543.732629669288,9.0
92.163.85.51,6,6.0,6,6,12927.0,19502.01531124412,8.4
92.230.101.44,2,2.0,2,2,26875.0,32862.08054886361,10.0
92.230.229.41,6,6.0,6,6,13380.5,19439.904945755265,6.2
92.234.93.242,7,3.5,7,7,11843.42857142857,18125.378183246667,1207.5
92.236.181.94,6,6.0,6,6,14473.166666666666,19550.42057262878,10.6
92.237.208.151,2,2.0,2,2,26875.0,32862.08054886361,9.0
92.239.20.53,2,2.0,2,2,14192.5,14926.317044066831,37.0
92.50.146.166,6,6.0,6,6,14473.166666666666,19550.42057262878,11.4
92.96.157.230,1,1.0,1,1,65748.0,0.0,0.0
93.104.161.108,17,17.0,17,9,8434.29411764706,13748.493011802719,228.375
93.114.45.13,6,6.0,6,6,14473.166666666666,19550.420572628784,8.2
93.129.45.32,2,2.0,2,2,26875.0,32862.08054886361,1.0
93.139.195.61,6,6.0,6,6,13380.5,19439.904945755265,9.4
93.152.153.38,5,5.0,5,5,16640.2,21036.95390735075,9.75
93.164.60.142,1,1.0,1,1,175208.0,0.0,0.0
93.17.51.134,43,43.0,43,43,110182.13953488372,249028.2520777207,86.88095238095238
93.175.2.211,1,1.0,1,1,30438.0,0.0,0.0
93.191.160.193,6,6.0,6,6,13161.0,19462.07613796637,10.4
93.203.255.51,2,2.0,2,2,26875.0,32862.08054886361,8.0
93.210.154.199,6,6.0,6,6,14189.666666666666,19486.522046447044,8.8
93.42.158.73,1,1.0,1,1,18586.0,0.0,0.0
93.57.95.188,5,5.0,5,5,14784.8,21202.00686727556,13.5
93.79.237.62,1,1.0,1,1,20572.0,0.0,0.0
93.80.29.12,6,6.0,6,6,13380.5,19439.904945755265,7.2
93.91.233.50,3,3.0,3,3,48157.333333333336,8855.39842883048,18.0
94.153.8.37,1,1.0,1,1,38217.0,0.0,0.0
94.153.9.168,2,2.0,2,1,19304.0,26343.970239886014,40.0
94.175.135.116,1,1.0,1,1,175208.0,0.0,0.0
94.194.53.206,1,1.0,1,1,3638.0,0.0,0.0
94.197.120.210,1,1.0,1,1,65748.0,0.0,0.0
94.222.112.110,6,6.0,6,6,14189.666666666666,19486.522046447044,9.2
94.228.34.233,7,1.75,7,2,0.0,0.0,38396.5
94.23.106.234,2,2.0,2,2,18729.0,0.0,3.0
94.23.164.135,6,3.0,6,6,27158226.0,29739721.28187611,16563.8
94.242.255.188,1,1.0,1,0,297.0,0.0,0.0
94.253.195.219,7,7.0,7,7,18627.85714285714,22531.493939436354,1203.8333333333333
94.7.215.43,9,4.5,9,9,32352.0,0.0,1800.0
94.7.95.97,7,7.0,7,7,13225.0,17750.892428269628,605.6666666666666
94.79.44.40,12,6.0,12,12,13006.666666666666,18579.68134247406,330.8181818181818
94.93.82.148,24,24.0,24,24,52266.5,40268.98734002761,2.5217391304347827
95.108.158.230,2,2.0,2,1,0.0,0.0,18024.0
95.128.40.244,1,1.0,1,1,12292.0,0.0,0.0
95.148.254.71,6,6.0,6,6,12884.5,19511.067390073767,9.2
95.153.110.172,1,1.0,1,1,66717.0,0.0,0.0
95.153.89.104,1,1.0,1,1,66717.0,0.0,0.0
95.153.95.223,1,1.0,1,1,66717.0,0.0,0.0
95.172.74.38,6,6.0,6,6,13211.0,19455.721204828154,6.2
95.222.193.200,2,1.0,2,2,3638.0,0.0,53965.0
95.234.214.194,1,1.0,1,1,65748.0,0.0,0.0
95.37.5.175,1,1.0,1,1,44019.0,0.0,0.0
95.49.190.247,2,2.0,2,2,26875.0,32862.08054886361,42.0
95.78.54.93,3,3.0,3,0,291.6666666666667,2.5166114784235907,21.0
95.82.59.254,6,6.0,6,6,14473.166666666666,19550.42057262878,722.6
95.87.197.134,6,6.0,6,6,13964.5,19453.29274698759,5.2
95.91.242.50,2,2.0,2,2,26875.0,32862.08054886361,49.0
95.97.244.106,6,6.0,6,6,13211.0,19455.721204828158,8.6
96.127.149.186,1,1.0,1,0,296.0,0.0,0.0
96.127.213.6,2,2.0,2,2,26875.0,32862.08054886361,47.0
96.242.86.110,2,2.0,2,2,26875.0,32862.08054886361,21.0
96.254.233.150,6,6.0,6,6,14089.0,19469.741970555235,715.6
96.36.44.80,6,6.0,6,6,13380.5,19439.904945755265,7.6
96.49.174.109,1,1.0,1,1,7089.0,0.0,0.0
96.49.214.84,7,7.0,7,7,16569.14285714286,19741.85195153156,9.166666666666666
96.63.29.108,6,6.0,6,6,13380.5,19439.904945755265,6.6
97.116.185.190,6,6.0,6,6,14473.166666666666,19550.42057262878,11.4
97.74.24.112,2,1.0,2,2,64635.5,43023.912101295486,32370.0
97.74.24.113,1,1.0,1,1,34213.0,0.0,0.0
97.82.80.65,9,9.0,9,9,10707.666666666666,16485.195297599603,7.0
97.93.16.156,1,1.0,1,1,175208.0,0.0,0.0
98.115.54.224,1,1.0,1,1,175208.0,0.0,0.0
98.122.171.175,9,9.0,9,9,15241.888888888889,18838.314172481336,453.375
98.130.2.118,1,1.0,1,0,292.0,0.0,0.0
98.173.30.75,2,2.0,2,2,14192.5,14926.317044066831,1.0
98.193.68.66,6,6.0,6,6,13558.166666666666,19432.837172339678,5.8
98.202.182.168,1,1.0,1,1,175208.0,0.0,0.0
98.206.132.188,3,3.0,3,3,14352.0,0.0,8.5
98.210.187.48,6,6.0,6,6,12779.0,19535.917598106313,9.4
98.216.194.189,4,2.0,4,4,3638.0,0.0,29995.666666666668
98.227.31.237,6,6.0,6,6,13380.5,19439.904945755265,10.6
98.234.37.228,1,1.0,1,1,90256.0,0.0,0.0
98.245.87.136,2,2.0,2,2,6000.5,3341.079541106437,27.0
98.248.53.169,5,5.0,5,5,16640.2,21036.95390735075,4.25
98.252.226.135,10,10.0,10,10,15602.5,17797.50382154132,404.6666666666667
98.64.39.111,1,1.0,1,1,175208.0,0.0,0.0
98.85.3.179,2,1.0,2,2,3638.0,0.0,71956.0
99.100.25.83,1,1.0,1,1,50112.0,0.0,0.0
99.101.69.97,5,5.0,5,5,16640.2,21036.95390735075,5.75
99.11.114.240,2,2.0,2,2,16543.0,0.0,10810.0
99.146.78.102,1,1.0,1,1,175208.0,0.0,0.0
99.151.9.144,1,1.0,1,1,37932.0,0.0,0.0
99.158.0.150,6,6.0,6,6,14473.166666666666,19550.420572628784,7.4
99.17.221.6,2,2.0,2,2,3223460.5,4553516.647934045,19.0
99.171.108.193,6,6.0,6,6,13221.5,19454.484364793636,8.0
99.179.126.76,1,1.0,1,1,175208.0,0.0,0.0
99.188.185.40,1,1.0,1,1,175208.0,0.0,0.0
99.237.56.116,2,2.0,2,2,26875.0,32862.08054886361,15.0
99.252.100.83,26,26.0,26,25,11466.192307692309,29435.485575093513,145.8
99.33.244.41,9,4.5,9,9,10363.555555555555,16002.935325363838,904.0
99.6.61.4,6,6.0,6,6,12738.333333333334,19546.40040177901,11.2
